station_id,name,phase,Line,confidence,position_source,is_mature,boardings_all,alightings_all,throughput_all,boardings_weekday,alightings_weekday,throughput_weekday,boardings_weekend,alightings_weekend,throughput_weekend,catchment_area_km2,population,population_density,built_volume,built_volume_density,built_surface,built_surface_density,population_2030,population_core400,core_share,intersection_count,intersection_density,street_length_km,street_density,circuity,pnr,network_catchment_km2,poi_education,poi_healthcare,poi_retail,poi_office,poi_government,poi_transport,poi_leisure,poi_total,dist_cbd_km,dist_nearest_centre_km,bus_stops_500m,parking_area_m2,competing_rail_1km,metro_betweenness,metro_degree,metro_closeness,is_interchange,is_terminal,city,poi_total_pctl,poi_education_pctl,poi_healthcare_pctl,poi_retail_pctl,poi_office_pctl,poi_government_pctl,poi_transport_pctl,poi_leisure_pctl,bus_stops_500m_pctl,parking_area_m2_pctl
BLR000,Silk Institute,operational,Green Line,high,osm,True,7359.166666666667,6128.083333333333,13487.25,7547.882352941177,6278.705882352941,13826.588235294115,6900.857142857143,5762.285714285715,12663.142857142857,2.007391033949461,626.7085608213674,312.20053802290005,1743211.0,868396.3266341299,291152.0,145040.00220981866,642.6167966085486,150.8397104497999,0.24068557520916678,153,76.21833385345886,50.09682913657769,24.956188549878192,1.0038198806313323,0.289465966233445,0.5820058579092877,4,0.0,6.0,0.0,0.0,1.0,9.0,20.0,15.116051571494125,13.097509874182071,6,8081.596712584074,0,0.0,1,4.627318680119502e-05,0,1,bengaluru,0.12650602409638553,0.3192771084337349,0.024096385542168676,0.1144578313253012,0.0783132530120482,0.41566265060240964,0.29518072289156627,0.7108433734939759,0.5,0.7349397590361446
BLR001,Thalaghattapura,operational,Green Line,high,osm,True,2867.125,2800.9791666666665,5668.104166666667,3058.1176470588234,2999.9411764705883,6058.058823529412,2403.285714285714,2317.785714285714,4721.071428571428,2.007391033949461,2115.636729091406,1053.9235720949573,5687643.0,2833350.8040084206,589060.0,293445.56692626455,2160.687016323209,597.5728416442871,0.28245531637226035,492,245.0942500385736,116.73740094637743,58.15379214716392,1.0023386627472584,0.3463181174583598,0.6963138903118273,4,2.0,16.0,2.0,0.0,1.0,5.0,30.0,13.71771531298629,11.716687157900283,5,0.0,0,0.024390243902439025,2,4.9461184965589706e-05,0,0,bengaluru,0.24096385542168675,0.3192771084337349,0.18674698795180722,0.3795180722891566,0.2710843373493976,0.41566265060240964,0.29518072289156627,0.39156626506024095,0.3795180722891566,0.13253012048192772
BLR002,Vajarahalli,operational,Green Line,high,osm,True,5356.604166666667,5393.666666666667,10750.270833333334,5695.14705882353,5780.617647058823,11475.764705882351,4534.428571428572,4453.928571428572,8988.357142857143,2.007391033949461,2014.917474417016,1003.7493643940148,5539397.0,2759500.7182539115,536743.0,267383.3801797848,2060.069342869334,726.0042963027954,0.360314655821253,426,212.21575308217956,104.54210880840564,52.078597064729955,1.0023386171362385,0.41576461102276896,0.8359443504715193,5,4.0,25.0,1.0,0.0,1.0,12.0,48.0,12.785602141354431,10.765324313699681,5,15647.954116157123,0,0.04817825956037338,2,5.1830081631642225e-05,0,0,bengaluru,0.39759036144578314,0.42168674698795183,0.42771084337349397,0.5180722891566265,0.1927710843373494,0.41566265060240964,0.29518072289156627,0.8192771084337349,0.3795180722891566,0.9036144578313253
BLR003,Challaghatta,operational,Purple Line,high,osm,True,6492.291666666667,5476.729166666667,11969.020833333334,6503.941176470588,5573.970588235294,12077.911764705885,6464.0,5240.571428571428,11704.57142857143,2.007391033949461,623.9053899507271,310.80411309958794,2133765.0,1062954.3342145467,340389.0,169567.85909833337,641.9679466183297,124.88470882596448,0.2001661002412998,225,112.08578507861597,78.24288533676166,38.977401021275824,1.0023388172237222,0.11207713180075408,0.22534444409642496,5,3.0,6.0,0.0,0.0,1.0,0.0,15.0,18.016658535178816,14.825362641520275,2,1865.98735511739,0,0.0,1,4.037641322845712e-05,0,1,bengaluru,0.04819277108433735,0.42168674698795183,0.3313253012048193,0.1144578313253012,0.0783132530120482,0.41566265060240964,0.29518072289156627,0.030120481927710843,0.060240963855421686,0.4457831325301205
BLR004,Kengeri,operational,Purple Line,high,osm,True,5929.020833333333,3032.4375,8961.458333333334,6209.588235294118,3256.3823529411766,9465.970588235294,5247.642857142857,2488.5714285714284,7736.214285714285,2.007391033949461,1293.1253713998012,644.1820998152159,4077822.0,2031403.912359342,515846.0,256973.3506207277,1312.6625151569024,221.34676255006343,0.17117192767663103,311,154.92746293088697,75.97745081404027,37.84885432339393,1.0040284887746058,0.11744929554181752,0.23614582018782102,1,3.0,2.0,0.0,0.0,1.0,2.0,9.0,16.000654518306153,12.79567713845945,3,0.0,0,0.024390243902439025,2,4.393385629680169e-05,0,0,bengaluru,0.024096385542168676,0.06626506024096386,0.3313253012048193,0.04216867469879518,0.0783132530120482,0.41566265060240964,0.29518072289156627,0.15060240963855423,0.1566265060240964,0.13253012048192772
BLR005,Kengeri Bus Terminal,operational,Purple Line,high,osm,True,7253.5,7779.6875,15033.1875,7448.382352941177,8173.85294117647,15622.235294117649,6780.214285714285,6822.428571428572,13602.642857142857,2.007391033949461,1766.2222919078777,879.8596098304306,5013190.0,2497365.941770075,552944.0,275454.0548644899,1803.8321643080562,280.87770155409817,0.15902737885314164,328,163.3961666923824,85.72238295296773,42.70338040930291,1.0038578786592618,0.1842227976224102,0.3704019120859668,5,2.0,7.0,0.0,0.0,4.0,8.0,26.0,14.567660729050015,11.365865084404305,3,0.0,1,0.04817825956037338,2,4.6777087933462076e-05,0,0,bengaluru,0.21084337349397592,0.42168674698795183,0.18674698795180722,0.15060240963855423,0.0783132530120482,0.41566265060240964,0.9337349397590361,0.6445783132530121,0.1566265060240964,0.13253012048192772
BLR006,Pattanagere,operational,Purple Line,high,osm,True,6045.145833333333,5701.166666666667,11746.3125,7160.323529411765,6753.441176470588,13913.764705882351,3336.8571428571427,3145.6428571428573,6482.5,2.007391033949461,1699.0652166346554,846.4047053611737,6371933.0,3174236.056770403,597240.0,297520.50791267824,1697.3672095786314,435.2105909883976,0.2561470782448368,301,149.9458724829485,76.51554539311235,38.11691100491322,1.002659358091504,0.14202009157126338,0.2855483368591557,15,2.0,14.0,3.0,0.0,1.0,6.0,41.0,13.07407276826082,9.819684938913896,6,31411.98949660342,0,0.07136404697380307,2,5.0206720422839447e-05,0,0,bengaluru,0.3493975903614458,0.8072289156626506,0.18674698795180722,0.3132530120481928,0.3373493975903614,0.41566265060240964,0.29518072289156627,0.4759036144578313,0.5,0.9518072289156626
BLR007,Jnanabharathi,operational,Purple Line,high,osm,True,4291.395833333333,4237.041666666667,8528.4375,4770.205882352941,4759.85294117647,9530.058823529413,3128.5714285714284,2967.3571428571427,6095.928571428572,2.007391033949461,1532.175338886329,763.2670032763051,4576870.0,2280009.1873456226,443211.0,220789.5684021265,1548.721378673683,237.69152794207912,0.15513337273451136,223,111.08946698902827,64.22409958426351,31.99381610164173,1.0037254627953063,0.14822702284602066,0.2980281126633888,4,2.0,17.0,2.0,0.0,1.0,2.0,28.0,11.170604402397611,7.857555636585604,3,4148.665224426011,1,0.0939476061427281,2,5.518661089241851e-05,0,0,bengaluru,0.2289156626506024,0.3192771084337349,0.18674698795180722,0.41566265060240964,0.2710843373493976,0.41566265060240964,0.29518072289156627,0.15060240963855423,0.1566265060240964,0.5542168674698795
BLR008,Rajarajeshwari Nagar,operational,Purple Line,high,osm,True,5862.083333333333,6233.916666666667,12096.0,6377.5,6818.35294117647,13195.85294117647,4610.357142857143,4814.571428571428,9424.92857142857,2.007391033949461,2005.7844711299986,999.1996762004552,5733863.0,2856375.715058792,556717.0,277333.6089404971,2048.09326834511,571.2990585565567,0.2848257461255067,276,137.49189636310226,69.73707764800768,34.74015598784597,1.002766584119798,0.2860681596799683,0.5751741624809857,1,3.0,19.0,0.0,0.0,2.0,7.0,32.0,10.396877956991862,7.149022641444254,5,1666.0277118118336,2,0.11592893706714845,2,5.7444413724217246e-05,0,0,bengaluru,0.2891566265060241,0.06626506024096386,0.3313253012048193,0.4457831325301205,0.0783132530120482,0.41566265060240964,0.6686746987951807,0.5602409638554217,0.3795180722891566,0.43373493975903615
BLR009,Pantharapalya - Nayandahalli,operational,Purple Line,high,osm,True,2258.6041666666665,2181.75,4440.354166666667,2328.029411764706,2263.294117647059,4591.323529411765,2090.0,1983.7142857142856,4073.714285714286,2.007391033949461,3702.4289000332355,1844.3984442576968,7892698.0,3931818.8965263204,795039.0,396055.86881385674,3833.469215936959,807.2705914974213,0.21803810776492552,481,239.61450054584125,110.83038563201544,55.21115904057871,1.0032148471851206,0.24706002187699955,0.49674364782368985,2,3.0,10.0,0.0,0.0,3.0,6.0,24.0,9.63031150358907,6.338081821125796,5,1549.1367614330882,1,0.13730803974706415,2,5.987042971259613e-05,0,0,bengaluru,0.1566265060240964,0.1746987951807229,0.3313253012048193,0.23493975903614459,0.0783132530120482,0.41566265060240964,0.8373493975903614,0.4759036144578313,0.3795180722891566,0.42168674698795183
BLR010,Mysore Road,operational,Purple Line,high,osm,True,6367.729166666667,5632.958333333333,12000.6875,7483.823529411765,6608.588235294118,14092.411764705885,3657.214285714286,3263.5714285714284,6920.785714285715,2.007391033949461,19917.69195437897,9922.178398491555,9345373.0,4655482.086922225,849462.0,423167.17850867234,21588.979344253894,1784.8713538646698,0.089612358598219,534,266.01692991991524,116.4686187913582,58.0198958855619,1.0032491216581239,0.19693789397084174,0.39596713018383495,2,3.0,8.0,1.0,0.0,2.0,4.0,20.0,8.91341677494203,5.564329257251211,8,11805.734192521722,0,0.15808491418247517,2,6.232624587973264e-05,0,0,bengaluru,0.12650602409638553,0.1746987951807229,0.3313253012048193,0.18674698795180722,0.1927710843373494,0.41566265060240964,0.6686746987951807,0.30120481927710846,0.6867469879518072,0.8554216867469879
BLR011,Deepanjali Nagar,operational,Purple Line,high,osm,True,4435.625,5346.083333333333,9781.708333333334,4726.117647058823,5651.823529411765,10377.941176470587,3730.142857142857,4603.571428571428,8333.714285714286,2.007391033949461,102769.9430590272,51195.77666780321,10619949.0,5290423.649599389,969422.0,482926.33752214245,113299.22613174468,25167.705330371857,0.24489363894963406,686,341.7371047285802,138.44886951763894,68.96955659169522,1.0029474773759666,0.4395281555906131,0.8837237917755786,2,5.0,37.0,5.0,0.0,5.0,5.0,59.0,8.011919688314523,4.614710305441061,7,0.0,1,0.1782595603733815,2,6.549555183353583e-05,0,0,bengaluru,0.5481927710843374,0.1746987951807229,0.5,0.6445783132530121,0.4036144578313253,0.41566265060240964,0.9759036144578314,0.39156626506024095,0.608433734939759,0.13253012048192772
BLR012,Attiguppe,operational,Purple Line,high,osm,True,8422.604166666666,8076.895833333333,16499.5,9310.117647058823,8929.117647058823,18239.235294117647,6267.214285714285,6007.214285714285,12274.42857142857,2.007391033949461,144602.85884094238,72035.2220346636,10411904.0,5186784.151125253,993893.0,495116.7875072927,159762.0322265625,33953.79438781738,0.2348072137713768,702,349.70764944528185,154.04382470028222,76.73832456908367,1.0029936070666432,0.4835403481717436,0.9722155555395843,9,22.0,99.0,20.0,0.0,5.0,19.0,174.0,8.092349893623899,4.410746303160724,14,0.0,1,0.1978319783197832,2,6.96569521480081e-05,0,0,bengaluru,0.7831325301204819,0.6445783132530121,0.8253012048192772,0.7951807228915663,0.7289156626506024,0.41566265060240964,0.9759036144578314,0.9337349397590361,0.9397590361445783,0.13253012048192772
BLR013,Vijayanagar,operational,Purple Line,high,osm,True,11564.291666666666,12687.041666666666,24251.33333333333,12763.058823529413,14059.14705882353,26822.20588235294,8653.0,9354.785714285714,18007.785714285714,2.007391033949461,136112.59210968018,67805.71886977303,9799977.0,4881947.181321688,989671.0,493013.5600201731,150381.70454406738,32083.052490234375,0.2357096576662187,764,380.59351022250047,160.64953459802632,80.02901870192915,1.0033082492464023,0.5343339167832734,1.0743420848193224,17,56.0,115.0,17.0,0.0,2.0,23.0,230.0,7.550930361600196,3.7340939507401005,8,0.0,0,0.21680216802168023,2,7.395402041690378e-05,0,0,bengaluru,0.9156626506024096,0.8554216867469879,1.0,0.8554216867469879,0.6566265060240963,0.41566265060240964,0.6686746987951807,0.9939759036144579,0.6867469879518072,0.13253012048192772
BLR014,"Sri Balagangadharanatha Swamiji Station, Hosahalli",operational,Purple Line,high,osm,True,9775.479166666666,8399.020833333334,18174.5,11108.64705882353,9520.970588235294,20629.617647058825,6537.785714285715,5674.285714285715,12212.07142857143,2.007391033949461,145551.49153900146,72507.79199338894,11236331.0,5597479.917947511,1010149.0,503214.8609394615,160810.11254882812,39726.62576293945,0.27293863733642637,724,360.6671484307465,158.47514883295975,78.94582876619025,1.0021259427327807,0.6007396749444087,1.2078587836961758,10,38.0,37.0,11.0,0.0,1.0,12.0,109.0,6.642934457786049,2.8002406929756543,8,0.0,0,0.23517012947907256,2,7.810246630172373e-05,0,0,bengaluru,0.6626506024096386,0.6987951807228916,0.963855421686747,0.6445783132530121,0.536144578313253,0.41566265060240964,0.29518072289156627,0.8192771084337349,0.6867469879518072,0.13253012048192772
BLR015,Rajajinagar,operational,Green Line,high,osm,True,10949.958333333334,11581.916666666666,22531.875,11714.70588235294,12387.970588235294,24102.676470588234,9092.714285714286,9624.357142857143,18717.071428571428,2.007391033949461,134744.57054138184,67124.22655205215,10692031.0,5326331.949866219,998012.0,497168.7046127986,148870.2688331604,29028.285438537598,0.21543194892311174,777,387.0695778048205,161.92842425411416,80.66610915140261,1.0035510664874956,0.5686683026411404,1.143375463620342,22,35.0,227.0,49.0,0.0,1.0,19.0,353.0,6.788891363579878,3.531902070318099,11,1435.3439960240394,0,0.2529358626919603,2,7.178894999751201e-05,0,0,bengaluru,0.9759036144578314,0.9397590361445783,0.9397590361445783,0.9759036144578314,0.9397590361445783,0.41566265060240964,0.29518072289156627,0.9337349397590361,0.8313253012048193,0.40963855421686746
BLR016,Mahalakshmi,operational,Green Line,high,osm,True,10007.083333333334,10354.520833333334,20361.604166666668,9462.79411764706,9698.441176470587,19161.235294117647,11328.92857142857,11947.857142857143,23276.785714285717,2.007391033949461,143452.34717559814,71462.08424243153,11570754.0,5764075.760184605,882847.0,439798.218219115,158490.90895080566,31880.58600616455,0.2222381622458916,683,340.2426275941987,135.20640703354266,67.35429457783792,1.0033757079482557,0.45845643388071267,0.9217813533891979,15,24.0,208.0,35.0,0.0,1.0,23.0,306.0,7.247736056527146,4.242848806703327,12,8418.658823332327,0,0.23517012947907256,2,6.881114160662293e-05,0,0,bengaluru,0.963855421686747,0.8072289156626506,0.8554216867469879,0.963855421686747,0.8614457831325302,0.41566265060240964,0.29518072289156627,0.9939759036144579,0.8855421686746988,0.7469879518072289
BLR017,Sandal Soap Factory,operational,Green Line,high,osm,True,11751.6875,10875.270833333334,22626.95833333333,11293.20588235294,10647.29411764706,21940.5,12865.142857142857,11428.92857142857,24294.071428571428,2.007391033949461,123875.39016962051,61709.64604036348,12023056.0,5989394.092462952,730040.0,363676.0290613013,136861.6376504898,23630.117128372192,0.19075715600988918,539,268.5077251438845,110.96461526948885,55.27802674856549,1.0034482369643865,0.27650154407859096,0.5559393405334628,8,8.0,140.0,17.0,1.0,2.0,22.0,198.0,7.180356382448615,4.60254410445475,9,9975.103417236398,0,0.21680216802168023,2,6.570897172845107e-05,0,0,bengaluru,0.8433734939759037,0.572289156626506,0.6445783132530121,0.9156626506024096,0.6566265060240963,0.8855421686746988,0.6686746987951807,0.9759036144578314,0.7409638554216867,0.8072289156626506
BLR018,Yeshwantpur,operational,Green Line,high,osm,True,13878.9375,14604.666666666666,28483.604166666668,13892.5,14667.941176470587,28560.441176470587,13846.0,14451.0,28297.0,2.007391033949461,96013.41492462158,47829.95106624495,10976027.0,5467807.125951493,962747.0,479601.1258981435,106078.80480098724,17021.91767692566,0.17728686861402923,450,224.17157015723194,106.26771351329957,52.938222656211686,1.0030409745487998,0.21867984416452133,0.43968191482586944,4,2.0,33.0,5.0,0.0,3.0,6.0,53.0,8.125368474926445,5.654991005825199,11,8824.637213789618,1,0.1978319783197832,2,6.239353304555535e-05,0,0,bengaluru,0.5060240963855421,0.3192771084337349,0.18674698795180722,0.5662650602409639,0.4036144578313253,0.41566265060240964,0.8373493975903614,0.4759036144578313,0.8313253012048193,0.7590361445783133
BLR019,Goraguntepalya,operational,Green Line,high,osm,True,7663.4375,6744.041666666667,14407.479166666666,8042.705882352941,7242.588235294118,15285.29411764706,6742.357142857143,5533.285714285715,12275.642857142857,2.007391033949461,81073.03899403661,40387.26766380373,10260721.0,5111470.972256185,672426.0,334975.0938545485,89453.36070602387,26976.20333480835,0.33273951081064823,302,150.4440315277423,76.91515439661306,38.31597984438816,1.0028586549882195,0.2969760771379389,0.5971058318262173,3,6.0,15.0,6.0,0.0,0.0,5.0,35.0,9.240190369978594,6.606875619415245,11,4405.689129751804,0,0.1782595603733815,2,5.908727144540495e-05,0,0,bengaluru,0.3132530120481928,0.2469879518072289,0.5783132530120482,0.3433734939759036,0.43373493975903615,0.41566265060240964,0.012048192771084338,0.39156626506024095,0.8313253012048193,0.5662650602409639
BLR020,Peenya,operational,Green Line,high,osm,True,4039.4583333333335,3553.9166666666665,7593.375,4490.441176470588,3974.5,8464.941176470587,2944.214285714286,2532.5,5476.714285714285,2.007391033949461,69915.75467982143,34829.165567340904,7926727.0,3948770.75066161,612791.0,305267.3792182674,75193.55597465485,18007.503151893616,0.2575600196888214,275,136.9937373183084,78.77378837860861,39.24187517348045,1.0029554274245882,0.1610770295095838,0.32386458404439983,7,1.0,18.0,2.0,1.0,1.0,9.0,39.0,10.208643501903001,7.480903385747344,3,4815.696928267208,0,0.15808491418247517,2,5.642845946214185e-05,0,0,bengaluru,0.3373493975903614,0.5240963855421686,0.0783132530120482,0.43373493975903615,0.2710843373493976,0.8855421686746988,0.29518072289156627,0.7108433734939759,0.1566265060240964,0.6144578313253012
BLR021,Peenya Industry,operational,Green Line,high,osm,True,2254.6666666666665,2086.9375,4341.604166666667,2577.176470588235,2405.529411764706,4982.705882352941,1471.428571428571,1313.2142857142858,2784.6428571428573,2.007391033949461,78549.23363494873,39130.01119687492,10109344.0,5036061.150532426,800659.0,398855.52264559816,85127.11128997803,21110.73040008545,0.26875794228872907,308,153.43298579650542,85.81056265348228,42.747307924681444,1.0027642476747474,0.22103104095804746,0.44440927647302825,5,1.0,17.0,3.0,1.0,3.0,2.0,32.0,11.093165729295984,8.262523713513033,4,1904.508428717361,0,0.13730803974706415,2,5.4084327774995194e-05,0,0,bengaluru,0.2891566265060241,0.42168674698795183,0.0783132530120482,0.41566265060240964,0.3373493975903614,0.8855421686746988,0.8373493975903614,0.15060240963855423,0.2710843373493976,0.4578313253012048
BLR022,Jalahalli,operational,Green Line,high,osm,True,8106.458333333333,7969.708333333333,16076.166666666666,8262.411764705883,8217.970588235294,16480.382352941175,7727.714285714285,7366.785714285715,15094.5,2.007391033949461,97146.5195710659,48394.41739456912,10223267.0,5092812.923392476,851323.0,424094.2524910337,107330.6961183548,26494.301963806152,0.2727251792528161,355,176.8464609018163,97.1352597881776,48.3888082318809,1.0028610399794269,0.468162356543041,0.9412962688018579,2,3.0,14.0,2.0,0.0,3.0,0.0,24.0,11.798150366447056,8.916764371279505,7,4657.86352543793,0,0.11592893706714845,2,5.233814531859936e-05,0,0,bengaluru,0.1566265060240964,0.1746987951807229,0.3313253012048193,0.3132530120481928,0.2710843373493976,0.41566265060240964,0.8373493975903614,0.030120481927710843,0.608433734939759,0.6024096385542169
BLR023,Dasarahalli,operational,Green Line,high,osm,True,11384.916666666666,10589.208333333334,21974.125,11841.617647058823,11066.676470588236,22908.29411764706,10275.785714285714,9429.642857142857,19705.42857142857,2.007391033949461,123403.80674226582,61474.72249065185,9563862.0,4764324.358460188,922466.0,459534.7814148025,136340.617515862,28950.310366228223,0.23459819539191523,626,311.8475620409493,134.65345360038913,67.07883582376269,1.0036804587668644,0.4893958990783191,0.9839888391945083,2,6.0,7.0,0.0,0.0,1.0,3.0,19.0,12.678202508328122,9.743666099975552,3,0.0,0,0.0939476061427281,2,5.025803820561485e-05,0,0,bengaluru,0.10843373493975904,0.1746987951807229,0.5783132530120482,0.15060240963855423,0.0783132530120482,0.41566265060240964,0.29518072289156627,0.21686746987951808,0.1566265060240964,0.13253012048192772
BLR024,Nagasandra,operational,Green Line,high,osm,True,10726.583333333334,8851.520833333334,19578.104166666668,10861.20588235294,8962.823529411764,19824.029411764703,10399.642857142857,8581.214285714286,18980.85714285714,2.007391033949461,77698.17846111208,38706.05036440959,6509793.0,3242912.262685683,663026.0,330292.39883348637,85774.62871419266,22168.921981811523,0.2853210000657488,382,190.29675511125023,92.98615647299819,46.321894887640134,1.0038489967826338,0.2974452198025247,0.5980490991212882,4,2.0,5.0,0.0,0.0,2.0,3.0,16.0,14.076908711712813,11.038788626857846,3,10892.065411983154,0,0.07136404697380307,2,4.7130549650289047e-05,0,0,bengaluru,0.07228915662650602,0.3192771084337349,0.18674698795180722,0.09036144578313253,0.0783132530120482,0.41566265060240964,0.6686746987951807,0.21686746987951808,0.1566265060240964,0.8192771084337349
BLR025,Manjunathanagara,operational,Green Line,high,osm,True,1224.0416666666667,1174.9166666666667,2398.958333333333,1257.1176470588234,1238.235294117647,2495.3529411764707,1143.7142857142858,1021.1428571428572,2164.8571428571427,2.007391033949461,64014.89490608126,31889.598898992055,5869862.0,2924124.846991711,635479.0,316569.6116265502,70665.71926342323,8895.380853652954,0.13895798574228252,336,167.38143905073318,80.44617403802206,40.07498921610079,1.0035629657964447,0.2520277579699757,0.5067318738810764,4,0.0,5.0,0.0,0.0,3.0,4.0,16.0,14.720641974345362,11.643513967803777,4,0.0,0,0.04817825956037338,2,4.578939397694675e-05,0,0,bengaluru,0.07228915662650602,0.3192771084337349,0.024096385542168676,0.09036144578313253,0.0783132530120482,0.41566265060240964,0.8373493975903614,0.30120481927710846,0.2710843373493976,0.13253012048192772
BLR026,Chikkabidarakallu,operational,Green Line,high,osm,True,4031.9166666666665,3789.9166666666665,7821.833333333333,4286.588235294118,4056.5882352941176,8343.176470588236,3413.428571428572,3142.285714285714,6555.714285714285,2.007391033949461,59770.35630235076,29775.143602567052,5460223.0,2720059.4740414033,612379.0,305062.1376918123,65771.61329898238,17793.9635887146,0.2977054963283658,329,163.89432573717625,79.08700277280798,39.39790575691049,1.0038105510872828,0.2779538777255781,0.558859430591662,3,1.0,1.0,0.0,0.0,2.0,4.0,11.0,15.449765324808707,12.330709692674601,6,0.0,0,0.024390243902439025,2,4.431919238660773e-05,0,0,bengaluru,0.03614457831325301,0.2469879518072289,0.0783132530120482,0.024096385542168676,0.0783132530120482,0.41566265060240964,0.6686746987951807,0.30120481927710846,0.5,0.13253012048192772
BLR027,Madavara,operational,Green Line,high,osm,True,7838.958333333333,7142.75,14981.708333333334,7852.14705882353,7325.088235294118,15177.235294117649,7806.928571428572,6699.928571428572,14506.857142857143,2.007391033949461,35786.744112975895,17827.49026360196,4009582.0,1997409.5391426098,464868.0,231578.19883522688,39546.83101600781,5663.090256929398,0.1582454732135305,216,107.60235367547133,56.28349285154789,28.038131036588513,1.0040207298320578,0.16387300735233243,0.3294862310526424,1,0.0,0.0,0.0,0.0,1.0,0.0,2.0,17.132772668812628,13.93235100743609,2,0.0,0,0.0,1,4.1194455797051814e-05,0,1,bengaluru,0.012048192771084338,0.06626506024096386,0.024096385542168676,0.012048192771084338,0.0783132530120482,0.41566265060240964,0.29518072289156627,0.030120481927710843,0.060240963855421686,0.13253012048192772
BLR028,Doddakallasandra,operational,Green Line,high,osm,True,5121.041666666667,5018.3125,10139.354166666666,5468.0,5419.411764705882,10887.411764705885,4278.428571428572,4044.214285714286,8322.642857142857,2.007391033949461,2757.449893847108,1373.6486051857748,7764597.0,3868004.2247291836,674944.0,336229.45832933945,2801.7021949887276,648.3241536766291,0.235117292656262,394,196.27466364877642,100.39559177384079,50.01297209956971,1.0024227839713116,0.3577313985936685,0.7192616536193734,5,3.0,34.0,1.0,0.0,1.0,7.0,51.0,11.653486479435497,9.592247998440438,6,3101.6508548027186,0,0.07136404697380307,2,5.498946307821869e-05,0,0,bengaluru,0.4759036144578313,0.42168674698795183,0.3313253012048193,0.5963855421686747,0.1927710843373494,0.41566265060240964,0.29518072289156627,0.5602409638554217,0.5,0.4939759036144578
BLR029,Konanakunte Cross,operational,Green Line,high,osm,True,12256.520833333334,12059.75,24316.27083333333,12052.20588235294,11925.79411764706,23978.0,12752.714285714286,12385.07142857143,25137.785714285717,2.007391033949461,3075.733352138661,1532.2043887419777,8935989.0,4451543.74452834,784430.0,390770.89950763877,3141.2032184470445,816.979774588719,0.26562113195561815,402,200.2599360071272,90.42551665089927,45.04628899980224,1.003353887898811,0.314146517048421,0.6316290496704897,10,3.0,24.0,3.0,0.0,1.0,8.0,49.0,10.72025489538442,8.442265247379916,5,569.4971604832986,0,0.0939476061427281,2,5.8452561668528394e-05,0,0,bengaluru,0.41566265060240964,0.6987951807228916,0.3313253012048193,0.5,0.3373493975903614,0.41566265060240964,0.29518072289156627,0.6445783132530121,0.3795180722891566,0.30120481927710846
BLR030,Yelachenahalli,operational,Green Line,high,osm,True,9484.6875,9232.0,18716.6875,10315.088235294115,10037.764705882351,20352.852941176472,7468.0,7275.142857142857,14743.142857142857,2.007391033949461,3609.2680845335126,1797.9895413961387,10510263.0,5235782.576612132,962257.0,479357.02796619455,3686.123707637191,939.3395464420319,0.260257626876569,518,258.0463852032137,105.56477255332622,52.588046259044894,1.0037717478642614,0.13170496747206623,0.2648085492809766,11,2.0,7.0,1.0,0.0,1.0,4.0,26.0,9.664444380218276,7.324528770775863,7,12966.87076108728,0,0.11592893706714845,2,6.209339529165479e-05,0,0,bengaluru,0.21084337349397592,0.7228915662650602,0.18674698795180722,0.15060240963855423,0.1927710843373494,0.41566265060240964,0.29518072289156627,0.30120481927710846,0.608433734939759,0.891566265060241
BLR031,Jaya Prakash Nagar,operational,Green Line,high,osm,True,9998.375,9936.979166666666,19935.354166666668,10656.29411764706,10532.441176470587,21188.735294117647,8400.57142857143,8490.857142857143,16891.428571428572,2.007391033949461,4483.3940942287445,2233.443319415374,12393253.0,6173811.0763685005,977224.0,486812.9743896241,4578.863323569298,1131.2269659042358,0.2523148628313557,654,325.7960152951771,129.91778421177807,64.71971928467273,1.0035944744618122,0.36899012234367906,0.7418986608653447,9,12.0,34.0,25.0,0.0,1.0,11.0,92.0,8.380502879004458,6.366641436779254,5,0.0,0,0.13730803974706415,2,6.678318288441824e-05,0,0,bengaluru,0.6265060240963856,0.6445783132530121,0.7289156626506024,0.5963855421686747,0.8012048192771084,0.41566265060240964,0.29518072289156627,0.7650602409638554,0.3795180722891566,0.13253012048192772
BLR032,Banashankari,operational,Green Line,high,osm,True,12105.083333333334,12263.708333333334,24368.791666666668,12607.617647058823,12714.617647058823,25322.235294117647,10884.642857142857,11168.642857142857,22053.285714285717,2.007391033949461,4144.053749591112,2064.3978574706757,11218977.0,5588834.865884159,891333.0,444025.5958732356,4232.297076255083,998.8225004971027,0.2410254694683087,567,282.45617839811223,124.12983225331324,61.8363986657312,1.0039281337198698,0.17901371136425714,0.3599284227288281,2,19.0,27.0,14.0,0.0,3.0,11.0,76.0,7.593748684853865,5.953021887363095,13,3448.2024745251106,0,0.15808491418247517,2,7.017024993979105e-05,0,0,bengaluru,0.6144578313253012,0.1746987951807229,0.8072289156626506,0.5301204819277109,0.5843373493975904,0.41566265060240964,0.8373493975903614,0.7650602409638554,0.9216867469879518,0.5180722891566265
BLR033,BTM Layout,operational,Yellow Line,high,osm,False,2969.5625,3546.6041666666665,6516.166666666667,3052.176470588235,3694.205882352941,6746.382352941177,2768.928571428572,3188.1428571428573,5957.071428571428,2.007391033949461,3806.3965837955475,1896.1908862901591,10299252.0,5130665.538411137,1029851.0,513029.59043998993,3887.449828863144,878.7897806167603,0.23087183935533992,713,355.18739893801416,164.32187713907683,81.85842935433469,1.0037247163901384,0.21802239665020492,0.4383600381659672,18,26.0,139.0,17.0,0.0,1.0,20.0,221.0,6.5339423771758725,2.7219131677056017,7,0.0,0,0.2529358626919603,2,6.431416395818375e-05,0,0,bengaluru,0.8975903614457831,0.8734939759036144,0.9036144578313253,0.9036144578313253,0.6566265060240963,0.41566265060240964,0.29518072289156627,0.9518072289156626,0.608433734939759,0.13253012048192772
BLR034,Jayadeva Hospital,operational,Yellow Line,high,osm,False,3763.0416666666665,3478.9791666666665,7242.020833333333,4218.411764705882,3901.529411764706,8119.941176470588,2657.1428571428573,2452.785714285714,5109.928571428572,2.007391033949461,4410.911150217056,2197.3352852626654,12305199.0,6129946.179838223,989751.0,493053.4127437566,4504.836904287338,1200.7873678207397,0.2722311393104462,605,301.3862221002785,154.86784196184283,77.14881622099635,1.0042184619818282,0.429638730439112,0.8638399227169022,12,25.0,124.0,23.0,0.0,1.0,18.0,203.0,6.558604827502967,3.35798865190799,11,7903.072453741028,0,0.27009936766034326,2,6.696455194134344e-05,0,0,bengaluru,0.8554216867469879,0.7409638554216867,0.8855421686746988,0.8674698795180723,0.7650602409638554,0.41566265060240964,0.29518072289156627,0.9156626506024096,0.8313253012048193,0.7228915662650602
BLR035,Central Silk Board,operational,Yellow Line,high,osm,False,3994.0625,3873.875,7867.9375,4315.823529411765,4145.35294117647,8461.176470588236,3212.6428571428573,3214.5714285714284,6427.214285714285,2.007391033949461,3558.4174453874584,1772.6578355719837,10104468.0,5033632.127030011,758990.0,378097.73340808327,3628.417437430937,991.2848872542381,0.27857464799111054,488,243.10161385939819,134.82464661936467,67.16411717457092,1.0029054260960053,0.33043320626100287,0.66437538130668,14,9.0,58.0,18.0,0.0,3.0,6.0,108.0,6.701901152880811,2.104770163798508,21,791.0921635412096,0,0.23517012947907256,2,6.052799050797251e-05,0,0,bengaluru,0.6506024096385542,0.7771084337349398,0.6867469879518072,0.7048192771084337,0.6867469879518072,0.41566265060240964,0.8373493975903614,0.4759036144578313,1.0,0.3373493975903614
BLR036,Ragigudda,operational,Yellow Line,high,osm,False,1952.5416666666667,1933.9375,3886.4791666666665,2092.3823529411766,2052.764705882353,4145.14705882353,1612.928571428571,1645.357142857143,3258.285714285714,2.007391033949461,3921.2522264420986,1953.4072635201485,10616037.0,5288474.851416156,900916.0,448799.4539994951,4004.751209758222,1246.5044193267822,0.3178842745491491,664,330.7776057431156,156.2778493363764,77.85122414784628,1.0044005289708813,0.43864983464402196,0.8819578227302637,12,25.0,110.0,16.0,0.0,2.0,12.0,177.0,6.781970474021753,4.412642587394222,9,0.0,0,0.2866606443842216,2,7.100596618001558e-05,0,0,bengaluru,0.7951807228915663,0.7409638554216867,0.8855421686746988,0.8433734939759037,0.6204819277108434,0.41566265060240964,0.6686746987951807,0.8192771084337349,0.7409638554216867,0.13253012048192772
BLR037,Rashtreeya Vidyalaya Road,operational,Green Line,high,osm,True,8548.666666666666,8686.291666666666,17234.958333333332,9160.823529411764,9353.617647058823,18514.441176470587,7062.0,7065.642857142857,14127.642857142857,2.007391033949461,3555.4863269925117,1771.1976724321794,9613257.0,4788930.92447778,808861.0,402941.4231309973,3609.9189956113696,697.4730200767517,0.19616810639424537,513,255.55558997924442,127.42207090983675,63.47645713009834,1.0045236940959725,0.4128144352960762,0.830012670222062,16,36.0,82.0,19.0,0.0,1.0,17.0,171.0,6.640425531931056,5.040635289976954,12,0.0,0,0.4447455585666968,3,7.446006490634247e-05,1,0,bengaluru,0.7710843373493976,0.8373493975903614,0.9518072289156626,0.7710843373493976,0.7048192771084337,0.41566265060240964,0.29518072289156627,0.8975903614457831,0.8855421686746988,0.13253012048192772
BLR038,Jayanagar,operational,Green Line,high,osm,True,13381.229166666666,13690.270833333334,27071.5,13775.20588235294,13982.117647058823,27757.32352941177,12424.42857142857,12981.5,25405.92857142857,2.007391033949461,4563.286635812372,2273.242511616827,9547307.0,4756077.335473626,803973.0,400506.421720045,4764.272109352052,869.1029128730297,0.19045547260879198,643,320.3162658024448,139.78939283344184,69.63735040621947,1.0042507798599958,0.5188428768157617,1.043195500909946,26,24.0,128.0,16.0,0.0,2.0,17.0,213.0,5.865842495816184,4.857139830223381,16,685.8401074963946,0,0.41915085817524844,2,7.659595658131979e-05,0,0,bengaluru,0.8674698795180723,0.9759036144578314,0.8554216867469879,0.8795180722891566,0.6204819277108434,0.41566265060240964,0.6686746987951807,0.8975903614457831,0.9759036144578314,0.3253012048192771
BLR039,South End Circle,operational,Green Line,high,osm,True,8153.854166666667,7799.979166666667,15953.833333333334,9014.29411764706,8651.20588235294,17665.5,6064.214285714285,5732.714285714285,11796.92857142857,2.007391033949461,97445.45669945702,48543.335628901856,10242786.0,5102536.489787807,771099.0,384129.941281492,107576.19944249839,37205.780265808105,0.3818113386297611,596,296.90279069713387,136.2116307207802,67.85505584967632,1.0043612481952275,0.4980095059200809,1.0013075233385016,19,32.0,58.0,19.0,1.0,1.0,13.0,143.0,5.051472692299092,4.3602021047565565,10,646.6318486018984,0,0.4290876242095754,2,7.895342579669071e-05,0,0,bengaluru,0.7469879518072289,0.9096385542168675,0.927710843373494,0.7048192771084337,0.7048192771084337,0.8855421686746988,0.29518072289156627,0.8554216867469879,0.7831325301204819,0.3132530120481928
BLR040,Lalbagh,operational,Green Line,high,osm,True,6973.020833333333,6878.833333333333,13851.854166666666,7024.0,6867.14705882353,13891.14705882353,6849.214285714285,6907.214285714285,13756.42857142857,2.007391033949461,103155.07950011641,51387.63586941152,7506748.0,3739554.413188135,651593.0,324596.9464743583,113959.03360362351,19285.86197757721,0.18695988671653777,584,290.92488215960765,140.05402687547632,69.7691802478193,1.0042062996506753,0.4311951430901781,0.86696927602925,19,24.0,52.0,13.0,1.0,1.0,6.0,116.0,4.33733947091278,3.4714381975489026,6,0.0,0,0.43842216199939776,2,8.11711575794288e-05,0,0,bengaluru,0.6807228915662651,0.9096385542168675,0.8554216867469879,0.6746987951807228,0.5542168674698795,0.8855421686746988,0.29518072289156627,0.4759036144578313,0.5,0.13253012048192772
BLR041,National College,operational,Green Line,high,osm,True,12669.520833333334,13127.395833333334,25796.916666666668,13695.970588235294,14198.0,27893.970588235294,10176.714285714286,10527.357142857143,20704.071428571428,2.007391033949461,143744.92459106445,71607.83432824849,10893754.0,5426822.086859169,875043.0,435910.5850335438,158814.1576271057,32457.365882873535,0.22579834366472767,598,297.89910878672157,142.27113785402207,70.87365413509362,1.0040529152820394,0.3821605872820016,0.7683794518378861,26,43.0,105.0,37.0,1.0,1.0,8.0,221.0,4.541375601245256,2.908793212687869,5,5543.116772912785,0,0.44715447154471544,2,8.312107406489249e-05,0,0,bengaluru,0.8975903614457831,0.9759036144578314,0.9759036144578314,0.8072289156626506,0.8855421686746988,0.8855421686746988,0.29518072289156627,0.6445783132530121,0.3795180722891566,0.6385542168674698
BLR042,Krishna Rajendra Market,operational,Green Line,high,osm,True,9732.9375,9588.020833333334,19320.95833333333,10271.588235294115,10185.676470588236,20457.264705882357,8424.785714285714,8136.571428571428,16561.35714285714,2.007391033949461,129386.45936203003,64455.03500504701,12696312.0,6324782.658324679,983162.0,489771.04279760993,142950.44961547852,26238.66396331787,0.20279296684284967,669,333.2684009670848,136.31049754084057,67.9043072503194,1.0034077178265175,0.2669181427035001,0.5366707687853747,19,16.0,61.0,25.0,0.0,4.0,8.0,133.0,3.8511441892612126,1.788824328881583,12,11769.285911865945,0,0.4552845528455285,2,8.5824036575892e-05,0,0,bengaluru,0.7228915662650602,0.9096385542168675,0.7831325301204819,0.7228915662650602,0.8012048192771084,0.41566265060240964,0.9337349397590361,0.6445783132530121,0.8855421686746988,0.8433734939759037
BLR043,Chickpete,operational,Green Line,high,osm,True,15372.0,16498.270833333332,31870.27083333333,13075.117647058823,14025.70588235294,27100.82352941177,20950.14285714286,22503.071428571428,43453.21428571428,2.007391033949461,126216.98754024506,62876.13394980559,12916845.0,6434643.166950202,1146055.0,570917.6640812143,139448.71257781982,29943.05445766449,0.23723474186164492,1177,586.33319572236,171.00541530926452,85.18789434503861,1.0030253967842824,0.5526748795837892,1.1112187785753957,8,14.0,152.0,6.0,0.0,4.0,4.0,188.0,3.6304783766772357,1.1412155916648274,6,9175.666263934349,0,0.4628124059018368,2,8.734688288695896e-05,0,0,bengaluru,0.8313253012048193,0.572289156626506,0.7530120481927711,0.9397590361445783,0.43373493975903615,0.41566265060240964,0.9337349397590361,0.30120481927710846,0.5,0.7831325301204819
BLR044,Trinity,operational,Purple Line,high,osm,True,11922.5625,11703.916666666666,23626.479166666668,14548.558823529413,14352.323529411764,28900.88235294117,5545.142857142857,5272.071428571428,10817.214285714286,2.007391033949461,88189.18645262718,43932.240884387385,10232353.0,5097339.196473473,583154.0,290503.4396077121,97434.33753705025,27092.808799743652,0.30721236797322277,480,239.1163415010474,93.50109014128302,46.578413751965094,1.003939130912209,0.36307154134142483,0.7299986476836756,8,5.0,53.0,176.0,2.0,1.0,2.0,247.0,1.1456573908633274,4.264765345476509,16,9256.704024068791,0,0.3327311050888287,2,6.95467981475801e-05,0,0,bengaluru,0.9397590361445783,0.572289156626506,0.5,0.6867469879518072,1.0,0.963855421686747,0.29518072289156627,0.15060240963855423,0.9759036144578314,0.7951807228915663
BLR045,"Sir M. Visvesvaraya Stn., Central College",operational,Purple Line,high,osm,True,11815.0,12483.833333333334,24298.83333333333,13830.735294117649,14674.0,28504.735294117647,6919.642857142857,7164.857142857143,14084.5,2.007391033949461,81388.85350634158,40544.59351958561,9786569.0,4875267.8648490915,692624.0,345036.9102412947,89182.24603255838,21774.712867736816,0.26753925051960825,646,321.8107429368263,118.81873476719032,59.190627415237195,1.0028674749540776,0.2954564896876068,0.594050519973129,23,6.0,41.0,39.0,2.0,1.0,9.0,121.0,2.4541685609445416,1.4231684887320561,12,12419.73824538641,0,0.3857271906052394,2,8.159897844450516e-05,0,0,bengaluru,0.7108433734939759,0.9518072289156626,0.5783132530120482,0.6626506024096386,0.9036144578313253,0.963855421686747,0.29518072289156627,0.7108433734939759,0.8855421686746988,0.8674698795180723
BLR046,Magadi Road,operational,Purple Line,high,osm,True,7350.145833333333,7283.479166666667,14633.625,8005.911764705882,7882.35294117647,15888.264705882351,5757.571428571428,5829.071428571428,11586.642857142857,2.007391033949461,134313.8137512207,66909.64116092701,12105856.0,6030641.661371883,1084902.0,540453.7440149362,148394.3544883728,32053.761348724365,0.23864828533642204,810,403.50882628301747,157.7907974057424,78.60491291290435,1.0029637070390862,0.5399357051632313,1.0856051486410445,9,9.0,16.0,3.0,0.0,1.0,6.0,44.0,5.585018781363843,1.7352422934577862,6,6583.644698306518,0,0.2529358626919603,2,8.308262381883615e-05,0,0,bengaluru,0.37349397590361444,0.6445783132530121,0.6867469879518072,0.3795180722891566,0.3373493975903614,0.41566265060240964,0.29518072289156627,0.4759036144578313,0.5,0.6867469879518072
BLR047,"Nadaprabhu Kempegowda Station, Majestic",operational,Green Line,high,osm,True,34365.208333333336,46069.41666666666,80434.625,33343.970588235294,45234.205882352944,78578.17647058824,36845.357142857145,48097.78571428572,84943.14285714286,2.007391033949461,98575.87934017181,49106.465891813685,12387024.0,6170708.043678479,922227.0,459415.72140309674,108909.89935398102,27326.174911499023,0.27720954755270455,967,481.71979631565176,161.91066674558607,80.65726308791633,1.0033332983018897,0.39181090987144374,0.7877825766710146,3,7.0,148.0,14.0,0.0,8.0,5.0,185.0,3.6827696693053427,0.20327028388232918,13,8874.953854925388,1,0.6431797651309846,3,8.952302682881557e-05,1,0,bengaluru,0.8192771084337349,0.2469879518072289,0.6144578313253012,0.927710843373494,0.5843373493975904,0.41566265060240964,1.0,0.39156626506024095,0.9216867469879518,0.7710843373493976
BLR048,Krantivira Sangolli Rayanna Railway Station,operational,Purple Line,high,osm,True,12161.083333333334,13746.979166666666,25908.0625,12488.235294117649,14260.29411764706,26748.529411764703,11366.57142857143,12500.357142857143,23866.92857142857,2.007391033949461,114448.7529797554,57013.6814622421,11029028.0,5494210.053484612,783829.0,390471.5059217177,126446.77707862854,33302.67474746704,0.29098329060306916,625,311.34940299615545,118.51159957957677,59.03762524355305,1.0042733337695489,0.24499496637197152,0.49259160737322505,5,3.0,29.0,8.0,0.0,5.0,6.0,56.0,4.496916074119483,0.6494333266495829,4,2075.3931053493916,1,0.5814513700692563,3,8.865607627580966e-05,1,0,bengaluru,0.5180722891566265,0.42168674698795183,0.3313253012048193,0.5542168674698795,0.4819277108433735,0.41566265060240964,0.9759036144578314,0.4759036144578313,0.2710843373493976,0.46987951807228917
BLR049,Mahatma Gandhi Road,operational,Purple Line,high,osm,True,20982.83333333333,21573.4375,42556.270833333336,21280.70588235294,21820.5,43101.205882352944,20259.42857142857,20973.42857142857,41232.857142857145,2.007391033949461,78061.0130290538,38886.799686193626,10159883.0,5061237.610497262,631216.0,314445.95961859403,86244.39546525478,11073.017097592354,0.14185079936729808,574,285.9432917116692,105.29460257076262,52.45345863859904,1.003800301173559,0.3657686163391897,0.7354214387231373,26,5.0,406.0,128.0,2.0,1.0,7.0,575.0,0.008216356976528519,3.8549213196019725,9,17683.506517057147,0,0.34688346883468835,2,7.287192553266575e-05,0,0,bengaluru,0.9879518072289156,0.9759036144578314,0.5,0.9879518072289156,0.9879518072289156,0.963855421686747,0.29518072289156627,0.5602409638554217,0.7409638554216867,0.9156626506024096
BLR050,Halasuru,operational,Purple Line,high,osm,True,9009.520833333334,8739.708333333334,17749.229166666668,9939.5,9641.058823529413,19580.558823529413,6751.0,6550.714285714285,13301.714285714286,2.007391033949461,115824.25534057617,57698.90040442026,9191583.0,4578870.207423379,832746.0,414839.95191589836,127966.47732925415,33952.32636260986,0.29313658233998163,649,323.3052200712078,122.75988473637206,61.15394691927408,1.0027355982349024,0.5058663960367469,1.017104738231673,19,15.0,108.0,31.0,0.0,1.0,10.0,184.0,2.1611162458711064,4.577850917918262,7,398.7011720997649,0,0.3179765130984643,2,6.645981648787522e-05,0,0,bengaluru,0.8072289156626506,0.9096385542168675,0.7710843373493976,0.8313253012048193,0.8373493975903614,0.41566265060240964,0.29518072289156627,0.7349397590361446,0.608433734939759,0.26506024096385544
BLR051,"Dr. B. R. Ambedkar Station, Vidhana Soudha",operational,Purple Line,high,osm,True,11505.25,11411.875,22917.125,13358.941176470587,13380.823529411764,26739.764705882357,7003.428571428572,6630.142857142857,13633.57142857143,2.007391033949461,41513.47825656086,20680.314674358568,6854160.0,3414461.7984642065,419916.0,209184.95345365378,45865.467131599784,6169.836626432836,0.14862249287573837,640,318.8217886680632,124.15785167018616,61.8503567916763,1.0034222943870408,0.2802240904224014,0.5634239640511348,10,1.0,15.0,66.0,8.0,2.0,14.0,116.0,1.682246406243052,2.2194115413035282,4,43028.17022384947,0,0.37338151159289373,2,7.861252870252161e-05,0,0,bengaluru,0.6807228915662651,0.6987951807228916,0.0783132530120482,0.3433734939759036,0.9518072289156626,1.0,0.6686746987951807,0.8674698795180723,0.2710843373493976,0.9759036144578314
BLR052,Cubbon Park,operational,Purple Line,high,osm,True,13879.9375,13776.104166666666,27656.041666666668,15471.5,14924.058823529413,30395.558823529413,10014.714285714286,10988.214285714286,21002.92857142857,2.007391033949461,73021.35903469473,36376.250466272206,9610437.0,4787526.115971462,598376.0,298086.41658756405,80676.41871183366,13960.425456941128,0.19118276681632415,631,314.33835726491856,118.18898836966157,58.87691355138191,1.0034630532847526,0.5379706737372087,1.0816542185341225,9,8.0,107.0,116.0,6.0,3.0,16.0,265.0,1.1638168058604632,2.8910465821034026,15,32378.724782034726,0,0.3604336043360434,2,7.643952941149278e-05,0,0,bengaluru,0.9518072289156626,0.6445783132530121,0.6445783132530121,0.8192771084337349,0.963855421686747,0.9879518072289156,0.8373493975903614,0.8795180722891566,0.9518072289156626,0.963855421686747
BLR053,Mantri Square Sampige Road,operational,Green Line,high,osm,True,16594.166666666668,16566.0,33160.166666666664,16422.882352941175,16231.735294117649,32654.617647058825,17010.14285714286,17377.785714285714,34387.92857142857,2.007391033949461,159060.24367523193,79237.29905393036,12125617.0,6040485.782256054,958294.0,477382.8236716765,175735.03066825867,43407.97494506836,0.27290273133051685,680,338.74815045981717,140.78956273519393,70.13559408910785,1.0038136683998786,0.3633807086670094,0.730620265474899,13,22.0,167.0,17.0,0.0,1.0,11.0,231.0,4.247238363749283,1.5247098559926882,16,4112.792557953023,0,0.3026196928635953,2,8.19913466943389e-05,0,0,bengaluru,0.927710843373494,0.7590361445783133,0.8253012048192772,0.9518072289156626,0.6566265060240963,0.41566265060240964,0.29518072289156627,0.7650602409638554,0.9759036144578314,0.5421686746987951
BLR054,Srirampura,operational,Green Line,high,osm,True,5897.708333333333,5815.770833333333,11713.479166666666,6290.5,6226.941176470588,12517.441176470587,4943.785714285715,4817.214285714285,9761.0,2.007391033949461,154592.46158599854,77011.63299601078,11162732.0,5560815.910409729,1063372.0,529728.3797805245,170798.87643814087,39730.90383911133,0.2570041477540569,740,368.6376931474481,146.58463695323965,73.02246272607897,1.0030403773195533,0.5487643347912886,1.1033561617487373,15,18.0,68.0,11.0,0.0,3.0,4.0,119.0,5.269675296655964,2.364249960138236,10,0.0,1,0.2866606443842216,2,7.763908401174594e-05,0,0,bengaluru,0.6987951807228916,0.8072289156626506,0.7951807228915663,0.7469879518072289,0.536144578313253,0.41566265060240964,0.8373493975903614,0.30120481927710846,0.7831325301204819,0.13253012048192772
BLR055,Mahakavi Kuvempu Road,operational,Green Line,high,osm,True,5447.083333333333,5323.229166666667,10770.3125,5841.382352941177,5760.323529411765,11601.70588235294,4489.5,4261.714285714285,8751.214285714286,2.007391033949461,142635.25297546387,71055.04137618605,10873571.0,5416767.742858095,1050540.0,523336.0029177299,157588.15614700317,34503.42212677002,0.24189968052782368,795,396.03644061110975,160.02175598244875,79.71628510645102,1.003105420776153,0.5842600460407247,1.174724523793648,18,28.0,135.0,23.0,0.0,3.0,8.0,215.0,5.982074741576362,2.8779693792125944,11,1369.4049210086744,1,0.27009936766034326,2,7.483818957590011e-05,0,0,bengaluru,0.8795180722891566,0.8734939759036144,0.9156626506024096,0.891566265060241,0.7650602409638554,0.41566265060240964,0.8373493975903614,0.6445783132530121,0.8313253012048193,0.3855421686746988
BLR056,Delta Electronics Bommasandra,operational,Yellow Line,high,osm,False,5302.708333333333,5270.895833333333,10573.604166666666,5408.294117647059,5383.235294117647,10791.529411764706,5046.285714285715,4998.071428571428,10044.357142857143,2.007391033949461,15856.783735027537,7899.200238943955,8405366.0,4187209.097702693,706558.0,351978.2583714522,15878.19259865582,4353.754235267639,0.27456729611883546,175,87.17783283892354,66.69786309597252,33.22614376968057,1.0020092004461647,0.2867042195381693,0.5764530367067572,1,1.0,13.0,0.0,0.0,1.0,1.0,17.0,19.42739235555854,4.200150507998539,3,1225.2862975174846,0,0.0,1,3.586796033070007e-05,0,1,bengaluru,0.0963855421686747,0.06626506024096386,0.0783132530120482,0.2710843373493976,0.0783132530120482,0.41566265060240964,0.29518072289156627,0.08433734939759036,0.1566265060240964,0.3614457831325301
BLR057,Biocon Hebbagodi,operational,Yellow Line,high,osm,False,1294.9791666666667,1062.0625,2357.0416666666665,1341.9117647058824,1084.5,2426.4117647058824,1181.0,1007.5714285714286,2188.5714285714284,2.007391033949461,23385.961603531614,11649.928294000933,6947597.0,3461008.2851326093,596348.0,297076.15004472213,23571.349594913423,6525.549606561661,0.27903704441113125,180,89.66862806289278,71.35707334887172,35.54717149875854,1.0039195716011209,0.21498939509382178,0.43226182670493696,6,5.0,13.0,4.0,0.0,1.0,2.0,31.0,18.133546253850728,2.931527202938476,3,0.0,0,0.024390243902439025,2,3.761147993370896e-05,0,0,bengaluru,0.25903614457831325,0.4939759036144578,0.5,0.2710843373493976,0.3795180722891566,0.41566265060240964,0.29518072289156627,0.15060240963855423,0.1566265060240964,0.13253012048192772
BLR058,Huskur Road,operational,Yellow Line,high,osm,False,1839.3541666666667,1625.2083333333333,3464.5625,1830.6764705882356,1658.0882352941176,3488.764705882353,1860.4285714285716,1545.357142857143,3405.785714285714,2.007391033949461,10882.82200011611,5421.376212239324,6257165.0,3117063.3395175026,581252.0,289555.9411045142,10957.243010666221,2709.696989789605,0.24898845076770484,159,79.20728812222195,61.98416891885383,30.877974380956793,1.0034396840783868,0.0708960843468868,0.1425450353615756,2,2.0,35.0,7.0,0.0,1.0,4.0,51.0,16.936889350493516,2.002004546078904,4,1275.12760742056,0,0.04817825956037338,2,3.932454067716919e-05,0,0,bengaluru,0.4759036144578313,0.1746987951807229,0.18674698795180722,0.6265060240963856,0.463855421686747,0.41566265060240964,0.29518072289156627,0.30120481927710846,0.2710843373493976,0.37349397590361444
BLR059,Infosys Foundation Konappana Agrahara,operational,Yellow Line,high,osm,False,5043.604166666667,4420.0625,9463.666666666666,5384.617647058823,4739.941176470588,10124.558823529413,4215.428571428572,3643.214285714286,7858.642857142857,2.007391033949461,3269.463995061815,1628.7130607678744,9648768.0,4806621.050317454,641153.0,319396.1660467105,3313.8933307901025,370.9597126916051,0.11346193542791759,189,94.15205946603741,65.97929639398673,32.868183267798656,1.003085743377349,0.23484388528759864,0.47218164784640254,8,5.0,23.0,14.0,0.0,2.0,7.0,59.0,15.915728520453776,1.2228847540949979,9,4566.537229318521,0,0.07136404697380307,2,4.0909817714276625e-05,0,0,bengaluru,0.5481927710843374,0.572289156626506,0.5,0.4819277108433735,0.5843373493975904,0.41566265060240964,0.6686746987951807,0.5602409638554217,0.7409638554216867,0.5783132530120482
BLR060,Electronic City,operational,Yellow Line,high,osm,False,2872.020833333333,2963.5625,5835.583333333333,2971.0,3002.823529411765,5973.823529411765,2631.6428571428573,2868.214285714286,5499.857142857143,2.007391033949461,1828.1264176261611,910.697709967049,6798033.0,3386501.625757062,534110.0,266071.7274148426,1859.7309309518896,379.6485790028237,0.2076708565350753,196,97.63917277959436,65.9659393111619,32.86152931617741,1.0033624624943822,0.24509572953618547,0.49279420373575117,6,12.0,9.0,1.0,0.0,2.0,7.0,37.0,14.551362320708654,1.3086766746643146,6,18224.848543532797,0,0.0939476061427281,2,4.315579838338477e-05,0,0,bengaluru,0.3253012048192771,0.4939759036144578,0.7289156626506024,0.21084337349397592,0.1927710843373494,0.41566265060240964,0.6686746987951807,0.5602409638554217,0.5,0.927710843373494
BLR061,Beratena Agrahara,operational,Yellow Line,high,osm,False,594.125,527.375,1121.5,638.1764705882352,569.4411764705883,1207.6176470588234,487.1428571428572,425.2142857142857,912.3571428571428,2.007391033949461,2224.416223780485,1108.1130612624265,6608536.0,3292101.981245762,568007.0,282957.8245562196,2245.3709035161883,747.904812335968,0.33622521016542206,236,117.56553457134831,71.03174838583243,35.38510792592329,1.002790893920772,0.19463910070047946,0.3913451320716481,6,2.0,10.0,2.0,1.0,1.0,3.0,25.0,13.55519138641766,2.0801364342443005,0,4587.70757825557,0,0.11592893706714845,2,4.4914357570923e-05,0,0,bengaluru,0.18674698795180722,0.4939759036144578,0.18674698795180722,0.23493975903614459,0.2710843373493976,0.8855421686746988,0.29518072289156627,0.21686746987951808,0.018072289156626505,0.5903614457831325
BLR062,Hosa Road,operational,Yellow Line,high,osm,False,2783.1041666666665,2815.9791666666665,5599.083333333333,2790.8529411764707,2877.9411764705883,5668.794117647059,2764.285714285714,2665.5,5429.785714285715,2.007391033949461,2910.974505443126,1450.128279050794,8359910.0,4164564.780162544,670524.0,334027.59535135067,2948.941653641872,720.1911280807108,0.24740550861371388,365,181.8280513497548,104.6694349855855,52.14202575153113,1.0022711590886992,0.23923687328619675,0.48101427429357313,8,5.0,16.0,1.0,0.0,1.0,1.0,32.0,12.620708507883531,2.9448297115727233,3,4940.717757351004,0,0.13730803974706415,2,4.666421126676117e-05,0,0,bengaluru,0.2891566265060241,0.572289156626506,0.5,0.3795180722891566,0.1927710843373494,0.41566265060240964,0.29518072289156627,0.08433734939759036,0.1566265060240964,0.6265060240963856
BLR063,Singasandra,operational,Yellow Line,high,osm,False,1162.3333333333333,1140.9166666666667,2303.25,1215.8823529411766,1205.3823529411766,2421.264705882353,1032.2857142857142,984.3571428571428,2016.642857142857,2.007391033949461,13731.495085537434,6840.468475402757,7344549.0,3658753.514281617,663914.0,330734.7640652633,13826.981763005257,4153.099749922752,0.302450659891869,383,190.7949141560441,106.32876952780707,52.96863826207766,1.0026944995656626,0.29520107125018885,0.5935369707337155,1,5.0,34.0,2.0,0.0,1.0,1.0,44.0,11.276049742961817,4.272599898100302,2,6031.479604545306,0,0.15808491418247517,2,4.935209542001114e-05,0,0,bengaluru,0.37349397590361444,0.06626506024096386,0.5,0.5963855421686747,0.2710843373493976,0.41566265060240964,0.29518072289156627,0.08433734939759036,0.060240963855421686,0.6506024096385542
BLR064,Kudlu Gate,operational,Yellow Line,high,osm,False,2847.020833333333,2635.3125,5482.333333333333,3026.235294117647,2802.1176470588234,5828.35294117647,2411.785714285714,2230.214285714286,4642.0,2.007391033949461,12906.537069603335,6429.508178189997,9701427.0,4832853.607457254,728090.0,362704.6189239533,13041.78876541229,4880.975690126419,0.37817856670646277,357,177.842778991404,92.93614165420809,46.29697955328612,1.0028346815221785,0.226540492304858,0.45548668567395645,9,1.0,9.0,3.0,0.0,1.0,1.0,24.0,10.115877261615246,5.260295286785966,2,0.0,0,0.1782595603733815,2,5.181586162269052e-05,0,0,bengaluru,0.1566265060240964,0.6445783132530121,0.0783132530120482,0.21084337349397592,0.3373493975903614,0.41566265060240964,0.29518072289156627,0.08433734939759036,0.060240963855421686,0.13253012048192772
BLR065,Hongasandra,operational,Yellow Line,high,osm,False,2341.1875,2141.9375,4483.125,2559.470588235294,2354.8529411764707,4914.323529411765,1811.071428571429,1624.857142857143,3435.928571428572,2.007391033949461,4590.012062042952,2286.556024419561,13608741.0,6779317.417406886,965259.0,480852.50141866563,4642.799061328173,1187.6095504760742,0.2587377842200017,519,258.5445442480075,117.19811035514218,58.3832987061617,1.003292510721719,0.13710381725630713,0.2756635808457805,16,8.0,22.0,21.0,1.0,2.0,1.0,71.0,8.62592933358921,3.796912793261865,2,426.2080064037404,0,0.1978319783197832,2,5.5268893221556046e-05,0,0,bengaluru,0.6024096385542169,0.8373493975903614,0.6445783132530121,0.46987951807228917,0.7469879518072289,0.8855421686746988,0.6686746987951807,0.08433734939759036,0.060240963855421686,0.27710843373493976
BLR066,Bommanahalli,operational,Yellow Line,high,osm,False,3375.520833333333,3375.770833333333,6751.291666666667,3549.4117647058824,3557.9411764705883,7107.35294117647,2953.214285714286,2933.3571428571427,5886.571428571428,2.007391033949461,4213.774465254508,2099.1298625878967,11784955.0,5870781.925738492,926239.0,461414.3354908097,4297.72958538821,1261.7284440994263,0.29942951491667436,549,273.48931559182296,132.46789577294865,65.99008042410321,1.0038344179361265,0.34903390513885185,0.7017743054323032,9,14.0,70.0,37.0,1.0,1.0,12.0,144.0,7.504090202066864,2.729864137526205,3,0.0,0,0.21680216802168023,2,5.8117983487454046e-05,0,0,bengaluru,0.7590361445783133,0.6445783132530121,0.7530120481927711,0.7590361445783133,0.8855421686746988,0.8855421686746988,0.29518072289156627,0.8192771084337349,0.1566265060240964,0.13253012048192772
BLR067,Nallurahalli,operational,Purple Line,high,osm,True,8124.291666666667,8050.979166666667,16175.270833333334,9690.29411764706,9724.823529411764,19415.117647058825,4321.142857142857,3985.928571428572,8307.07142857143,2.007391033949461,1432.0140900006518,713.3707712060573,13281408.0,6616253.5227973815,626551.0,312122.0476746307,1447.4021916887723,387.7496364712715,0.2707722215715734,120,59.77908537526185,40.66867830531127,20.25946993760218,1.0043675354408412,0.1003281616912425,0.2017217380591209,5,4.0,7.0,31.0,0.0,3.0,2.0,52.0,12.820245216634193,2.8300369221758896,10,94547.23021745078,0,0.11592893706714845,2,4.069810471672158e-05,0,0,bengaluru,0.4939759036144578,0.42168674698795183,0.42771084337349397,0.15060240963855423,0.8373493975903614,0.41566265060240964,0.8373493975903614,0.15060240963855423,0.7831325301204819,1.0
BLR068,Indiranagar,operational,Purple Line,high,osm,True,21852.83333333333,22989.70833333333,44842.54166666666,24109.558823529413,25240.82352941177,49350.382352941175,16372.214285714286,17522.714285714286,33894.92857142857,2.007391033949461,47474.59247112274,23649.89763739175,8446171.0,4207536.477525506,764312.0,380748.93584447616,52382.29370486736,16343.35375571251,0.3442547456442863,559,278.4709060397615,117.64691985127799,58.606877216051124,1.004101981616314,0.5194480931901496,1.0444123606319362,30,48.0,428.0,126.0,1.0,1.0,21.0,655.0,3.4720535327688653,5.016092478407523,7,834.5447210658317,0,0.3026196928635953,2,6.30316826884908e-05,0,0,bengaluru,1.0,1.0,0.9879518072289156,1.0,0.9759036144578314,0.8855421686746988,0.29518072289156627,0.963855421686747,0.608433734939759,0.3493975903614458
BLR069,Kundalahalli,operational,Purple Line,high,osm,True,8093.8125,8133.729166666667,16227.541666666666,9612.970588235294,9562.85294117647,19175.82352941177,4404.428571428572,4663.0,9067.42857142857,2.007391033949461,1456.1982650230639,725.4183367343493,10883920.0,5421923.190812666,608595.0,303177.10386631236,1481.773339221254,258.7049681986682,0.17765779180802055,145,72.23306149510807,47.04384319086246,23.43531598739165,1.0042518257339832,0.05482318882650164,0.1102285614487703,1,2.0,8.0,45.0,0.0,1.0,11.0,68.0,11.809267932923692,3.8375883971650153,5,55040.08530650625,0,0.13730803974706415,2,4.221235482868791e-05,0,0,bengaluru,0.5783132530120482,0.06626506024096386,0.18674698795180722,0.18674698795180722,0.927710843373494,0.41566265060240964,0.29518072289156627,0.7650602409638554,0.3795180722891566,0.9879518072289156
BLR070,Seetharampalya,operational,Purple Line,high,osm,True,8840.354166666666,8384.375,17224.729166666668,10320.176470588236,9910.676470588236,20230.852941176472,5246.5,4677.642857142857,9924.142857142857,2.007391033949461,1267.2972152642906,631.3155702259635,8245954.0,4107796.568054016,635564.0,316611.9551453577,1306.7452994915657,318.17242735624313,0.25106377850746664,145,72.23306149510807,49.25881702672528,24.53872523770844,1.0041778943246307,0.1515781994452586,0.30476605300581944,3,2.0,14.0,35.0,0.0,1.0,7.0,62.0,11.08705804968259,4.639031802909746,3,7124.682515823345,0,0.15808491418247517,2,4.3477497385065755e-05,0,0,bengaluru,0.5662650602409639,0.2469879518072289,0.18674698795180722,0.3132530120481928,0.8614457831325302,0.41566265060240964,0.29518072289156627,0.5602409638554217,0.1566265060240964,0.6987951807228916
BLR071,Sri Sathya Sai Hospital,operational,Purple Line,high,osm,True,8765.041666666666,8484.395833333334,17249.4375,11614.941176470587,11283.323529411764,22898.264705882357,1843.857142857143,1687.0,3530.8571428571427,2.007391033949461,1718.6587148376857,856.1653837101652,14149493.0,7048697.91719725,673688.0,335603.7705690784,1745.912457453378,389.37215507030487,0.22655583200360876,130,64.76067582320034,42.38743323035148,21.11568324929494,1.0042929326005223,0.14209174397389104,0.2856924025626482,5,5.0,16.0,29.0,0.0,3.0,0.0,58.0,13.122114777782777,2.745848129925381,8,6084.211582623883,0,0.0939476061427281,2,3.985967162221826e-05,0,0,bengaluru,0.5301204819277109,0.42168674698795183,0.5,0.3795180722891566,0.8192771084337349,0.41566265060240964,0.8373493975903614,0.030120481927710843,0.6867469879518072,0.6626506024096386
BLR072,Swami Vivekananda Road,operational,Purple Line,high,osm,True,8790.0,8930.895833333334,17720.895833333332,10142.676470588236,10491.735294117649,20634.41176470588,5504.928571428572,5140.285714285715,10645.214285714286,2.007391033949461,7718.77417041047,3845.1771677111124,4885051.0,2433532.3399292356,473219.0,235738.32501830033,8517.425767798675,802.0541489683092,0.10390952387789024,224,111.58762603382212,64.87883359362733,32.31997777034046,1.0039483873596313,0.18224386144713609,0.3664230248218616,14,11.0,62.0,43.0,0.0,1.0,4.0,135.0,4.290949080694696,6.036608608658501,4,7435.326251252601,1,0.2866606443842216,2,6.0375970536988535e-05,0,0,bengaluru,0.7349397590361446,0.7771084337349398,0.7108433734939759,0.7349397590361446,0.9156626506024096,0.41566265060240964,0.29518072289156627,0.30120481927710846,0.2710843373493976,0.7108433734939759
BLR073,Kadugodi Tree Park,operational,Purple Line,high,osm,True,12026.291666666666,11100.854166666666,23127.14583333333,13325.411764705885,12390.882352941177,25716.29411764706,8871.285714285714,7967.928571428572,16839.214285714286,2.007391033949461,774.6489872206002,385.8983995243366,4647524.0,2315206.116496487,435908.0,217151.51289799702,771.3476224606857,234.38640354434028,0.3025711095102652,162,80.7017652566035,48.78167896509868,24.301034596693743,1.0036047212184314,0.13944113632094557,0.28036303966342113,4,4.0,34.0,14.0,0.0,2.0,12.0,70.0,15.262451834489536,1.7844844502577624,4,3802.602300013037,0,0.04817825956037338,2,3.668341184729008e-05,0,0,bengaluru,0.5903614457831325,0.3192771084337349,0.42771084337349397,0.5963855421686747,0.5843373493975904,0.41566265060240964,0.6686746987951807,0.8192771084337349,0.2710843373493976,0.5301204819277109
BLR074,Hopefarm Channasandra,operational,Purple Line,high,osm,True,2613.833333333333,2592.9166666666665,5206.75,2924.8823529411766,2851.6176470588234,5776.5,1858.4285714285716,1964.642857142857,3823.071428571429,2.007391033949461,661.3606221452355,329.4627757921361,3160704.0,1574533.285516097,383783.0,191184.97268811765,691.2613213399891,148.57772725913674,0.22465463210857586,210,104.61339940670824,59.34449234780781,29.562995621759804,1.0036662577191229,0.05975364846133566,0.12014183874004426,2,3.0,28.0,9.0,0.0,2.0,6.0,50.0,16.011961878524435,1.985519440367638,7,3125.6437680539866,0,0.024390243902439025,2,3.572299222840828e-05,0,0,bengaluru,0.4457831325301205,0.1746987951807229,0.3313253012048193,0.5421686746987951,0.4939759036144578,0.41566265060240964,0.6686746987951807,0.4759036144578313,0.608433734939759,0.5060240963855421
BLR075,Pattandur Agrahara,operational,Purple Line,high,osm,True,11010.5625,10924.375,21934.9375,14182.64705882353,14051.29411764706,28233.941176470587,3306.928571428572,3330.428571428572,6637.357142857143,2.007391033949461,887.7573848406901,442.24437084092335,9380442.0,4672952.0264641,512704.0,255408.13490198544,894.2971324429964,239.53465169714764,0.26981994831857425,80,39.8527235835079,26.568132068157215,13.23515529303002,1.004409777810121,0.0774031567402963,0.15562828069118342,1,3.0,13.0,24.0,0.0,1.0,8.0,50.0,14.280909053491438,2.3796938134917545,5,11540.452540260052,0,0.07136404697380307,2,3.802882961661323e-05,0,0,bengaluru,0.4457831325301205,0.06626506024096386,0.3313253012048193,0.2710843373493976,0.7831325301204819,0.41566265060240964,0.29518072289156627,0.6445783132530121,0.3795180722891566,0.8313253012048193
BLR076,Hoodi,operational,Purple Line,high,osm,True,7060.25,6561.541666666667,13621.791666666666,7493.558823529412,6955.705882352941,14449.264705882351,6007.928571428572,5604.285714285715,11612.214285714286,2.007391033949461,1606.565852098167,800.3253102796385,8662086.0,4315096.48768217,639562.0,318603.5950064435,1641.944970253855,376.4074577987194,0.23429320205401674,124,61.77172155443725,42.02748219221705,20.936370383965336,1.003983477503386,0.09087831098549755,0.18272168586412013,8,3.0,24.0,6.0,0.0,1.0,8.0,50.0,11.44116393051832,4.696311257571589,0,6570.185950688808,0,0.1782595603733815,2,4.494975704232327e-05,0,0,bengaluru,0.4457831325301205,0.572289156626506,0.3313253012048193,0.5,0.43373493975903615,0.41566265060240964,0.29518072289156627,0.6445783132530121,0.018072289156626505,0.6746987951807228
BLR077,Baiyappanahalli,operational,Purple Line,high,osm,True,13429.666666666666,12289.583333333334,25719.25,14913.323529411764,13693.088235294115,28606.41176470588,9826.5,8881.07142857143,18707.571428571428,2.007391033949461,949.8759850681527,473.1893133941671,6711816.0,3343551.8473920706,568314.0,283110.7593829714,973.9118244443089,147.53134289383888,0.15531642573662252,147,73.22937958469576,46.52824331119678,23.178465243841572,1.0036673400484568,0.10776545407162078,0.21667530164619014,1,2.0,2.0,4.0,0.0,2.0,5.0,16.0,5.222952864725988,6.853899931011632,8,21251.33024027886,1,0.27009936766034326,2,5.8092323188015845e-05,0,0,bengaluru,0.07228915662650602,0.06626506024096386,0.18674698795180722,0.04216867469879518,0.3795180722891566,0.41566265060240964,0.6686746987951807,0.39156626506024095,0.6867469879518072,0.9397590361445783
BLR078,Garudacharpalya,operational,Purple Line,high,osm,True,7586.770833333333,8139.0,15725.770833333334,8764.882352941177,9444.79411764706,18209.676470588234,4725.642857142857,4967.785714285715,9693.42857142857,2.007391033949461,2119.701201558113,1055.948325816563,11648828.0,5802969.02944784,726130.0,361728.2271961574,2169.261060848832,837.1200395822525,0.3949236047830311,255,127.03055642243143,60.269268090536094,30.02368102240585,1.0038748602986565,0.2297154150006326,0.4618702465166835,1,6.0,13.0,20.0,0.0,1.0,3.0,44.0,10.700925032576762,5.6698939868859455,6,12702.001471599671,0,0.1978319783197832,2,4.657074826254526e-05,0,0,bengaluru,0.37349397590361444,0.06626506024096386,0.5783132530120482,0.2710843373493976,0.7289156626506024,0.41566265060240964,0.29518072289156627,0.21686746987951808,0.5,0.8795180722891566
BLR079,Benniganahalli,operational,Purple Line,high,osm,True,26055.33333333333,23534.77083333333,49590.10416666666,27911.676470588234,25527.058823529413,53438.73529411765,21547.071428571428,18696.35714285714,40243.42857142857,2.007391033949461,2289.9830494312337,1140.7757684987682,10965797.0,5462710.958923252,888926.0,442826.5270524168,2329.971652053762,511.4579094153596,0.22334571845079426,519,258.5445442480075,119.33474518024012,59.44768266970576,1.0036500668553743,0.1892394379492918,0.3804884659398122,1,9.0,20.0,10.0,0.0,1.0,8.0,49.0,7.082968016161261,8.297647965807213,6,0.0,1,0.2529358626919603,2,5.403314099810629e-05,0,0,bengaluru,0.41566265060240964,0.06626506024096386,0.6867469879518072,0.4578313253012048,0.5120481927710844,0.41566265060240964,0.29518072289156627,0.6445783132530121,0.5,0.13253012048192772
BLR080,Whitefield (Kadugodi),operational,Purple Line,high,osm,True,8589.6875,8262.541666666666,16852.229166666668,9413.382352941177,9053.0,18466.38235294117,6589.285714285715,6342.857142857143,12932.142857142857,2.007391033949461,1033.2487835517968,514.7222270485693,4458186.0,2220885.6792733097,472855.0,235556.99512599537,1078.4065178859164,316.84066650271416,0.3066450902691345,267,133.00846495995762,75.31220648407124,37.51745684342203,1.0039279262510232,0.16947633633270917,0.3407523924352973,7,4.0,4.0,1.0,0.0,4.0,5.0,25.0,16.55973331720463,2.9989380298001316,7,1433.162323440105,1,0.0,1,3.446643786265713e-05,0,1,bengaluru,0.18674698795180722,0.5240963855421686,0.42771084337349397,0.07228915662650602,0.1927710843373494,0.41566265060240964,0.9337349397590361,0.39156626506024095,0.608433734939759,0.39759036144578314
BLR081,Singayyanapalya,operational,Purple Line,high,osm,True,8271.854166666666,8312.729166666666,16584.583333333332,8461.911764705883,8423.382352941177,16885.29411764706,7810.285714285715,8044.0,15854.285714285714,2.007391033949461,1488.401760408422,741.4607992345424,8727498.0,4347682.067120225,727503.0,362412.1995646593,1508.273059584666,378.4485727548599,0.25426506661145876,368,183.32252848413634,76.2154779421125,37.967429690149416,1.0038046589982677,0.12582667220880675,0.2529895353835765,5,6.0,83.0,7.0,0.0,1.0,3.0,105.0,9.610924942549604,6.887731247929558,4,495.9378732717569,0,0.21680216802168023,2,4.872930858191299e-05,0,0,bengaluru,0.6385542168674698,0.42168674698795183,0.5783132530120482,0.7831325301204819,0.463855421686747,0.41566265060240964,0.29518072289156627,0.21686746987951808,0.2710843373493976,0.2891566265060241
BLR082,Krishnarajapura,operational,Purple Line,high,osm,True,18843.916666666668,17446.916666666668,36290.833333333336,20777.470588235294,19256.264705882357,40033.73529411765,14148.142857142857,13052.785714285714,27200.92857142857,2.007391033949461,1505.005545731634,749.7321250711158,7738419.0,3854963.4172545704,796443.0,396755.2841127473,1543.0884885899723,321.57335087656975,0.21366921323884033,507,252.5666357104813,117.41027976286011,58.48899281564495,1.0033096691719199,0.27933166970580675,0.5616296457361492,4,8.0,3.0,10.0,0.0,2.0,4.0,31.0,8.1502635566707,8.530296158832238,5,2989.162204224911,1,0.23517012947907256,2,5.187982079862449e-05,0,0,bengaluru,0.25903614457831325,0.3192771084337349,0.6445783132530121,0.060240963855421686,0.5120481927710844,0.41566265060240964,0.6686746987951807,0.30120481927710846,0.3795180722891566,0.4819277108433735
