station,boardings_all,alightings_all,throughput_all,days_all,boardings_weekday,alightings_weekday,throughput_weekday,days_weekday,boardings_weekend,alightings_weekend,throughput_weekend,days_weekend,boarding_share,weekend_ratio,first_active,active_days,growth_ratio,opened_mid_window,low_coverage,is_mature
"Nadaprabhu Kempegowda Station, Majestic",34365.208333333336,46069.416666666664,80434.625,48,33343.970588235294,45234.205882352944,78578.17647058824,34,36845.357142857145,48097.78571428572,84943.14285714286,14,0.424341364051836,1.081001706484459,2025-08-01,48,1.0133371709529706,False,False,True
Benniganahalli,26055.333333333332,23534.770833333332,49590.104166666664,48,27911.676470588234,25527.058823529413,53438.73529411765,34,21547.071428571428,18696.35714285714,40243.42857142857,14,0.5223116961314138,0.7530759915992703,2025-08-01,48,1.0098026706916163,False,False,True
Indiranagar,21852.833333333332,22989.708333333332,44842.541666666664,48,24109.558823529413,25240.823529411766,49350.382352941175,34,16372.214285714286,17522.714285714286,33894.92857142857,14,0.48853844031245963,0.6868220053295799,2025-08-01,48,0.9922511075550103,False,False,True
Mahatma Gandhi Road,20982.833333333332,21573.4375,42556.270833333336,48,21280.70588235294,21820.5,43101.205882352944,34,20259.428571428572,20973.428571428572,41232.857142857145,14,0.49373806246720275,0.9566520541305605,2025-08-01,48,0.9890174192457298,False,False,True
Krishnarajapura,18843.916666666668,17446.916666666668,36290.833333333336,48,20777.470588235294,19256.264705882353,40033.73529411765,34,14148.142857142857,13052.785714285714,27200.928571428572,14,0.5189990500658636,0.6794501779958898,2025-08-01,48,1.006809972390986,False,False,True
Mantri Square Sampige Road,16594.166666666668,16566.0,33160.166666666664,48,16422.882352941175,16231.735294117647,32654.617647058825,34,17010.14285714286,17377.785714285714,34387.92857142857,14,0.5029267998310301,1.0530801169716304,2025-08-01,48,1.0214545675645157,False,False,True
Cubbon Park,13879.9375,13776.104166666666,27656.041666666668,48,15471.5,14924.058823529413,30395.558823529413,34,10014.714285714286,10988.214285714286,21002.928571428572,14,0.5090052823119476,0.6909867554456692,2025-08-01,48,1.041824159485692,False,False,True
Baiyappanahalli,13429.666666666666,12289.583333333334,25719.25,48,14913.323529411764,13693.088235294117,28606.41176470588,34,9826.5,8881.07142857143,18707.571428571428,14,0.5213280033887919,0.653964278443776,2025-08-01,48,1.0203197139120919,False,False,True
Trinity,11922.5625,11703.916666666666,23626.479166666668,48,14548.558823529413,14352.323529411764,28900.882352941175,34,5545.142857142857,5272.071428571428,10817.214285714286,14,0.5033949706400171,0.37428664473330325,2025-08-01,48,1.0203966405533207,False,False,True
Pattandur Agrahara,11010.5625,10924.375,21934.9375,48,14182.64705882353,14051.29411764706,28233.941176470587,34,3306.9285714285716,3330.4285714285716,6637.357142857143,14,0.5023261531281707,0.23508432993366649,2025-08-01,48,0.9935553033169379,False,False,True
Yeshwantpur,13878.9375,14604.666666666666,28483.604166666668,48,13892.5,14667.941176470587,28560.441176470587,34,13846.0,14451.0,28297.0,14,0.48642455885608954,0.9907760116574241,2025-08-01,48,0.9877921357898327,False,False,True
"Sir M. Visvesvaraya Stn., Central College",11815.0,12483.833333333334,24298.833333333332,48,13830.735294117647,14674.0,28504.735294117647,34,6919.642857142857,7164.857142857143,14084.5,14,0.48520833999717283,0.4941108856010508,2025-08-01,48,1.0271624567870006,False,False,True
Jayanagar,13381.229166666666,13690.270833333334,27071.5,48,13775.20588235294,13982.117647058823,27757.323529411766,34,12424.42857142857,12981.5,25405.928571428572,14,0.49627284373281455,0.9152874031427545,2025-08-01,48,1.003572391123982,False,False,True
National College,12669.520833333334,13127.395833333334,25796.916666666668,48,13695.970588235294,14198.0,27893.970588235294,34,10176.714285714286,10527.357142857143,20704.071428571428,14,0.49100111240569594,0.7422418175669722,2025-08-01,48,1.1799597174058996,False,False,True
"Dr. B. R. Ambedkar Station, Vidhana Soudha",11505.25,11411.875,22917.125,48,13358.941176470587,13380.823529411764,26739.764705882353,34,7003.428571428572,6630.142857142857,13633.57142857143,14,0.4995908274963923,0.5098613087486236,2025-08-01,48,1.0237888942687494,False,False,True
Kadugodi Tree Park,12026.291666666666,11100.854166666666,23127.145833333332,48,13325.411764705883,12390.882352941177,25716.29411764706,34,8871.285714285714,7967.928571428572,16839.214285714286,14,0.5181699860697154,0.6548071898959525,2025-08-01,48,1.0113142418818715,False,False,True
Chickpete,15372.0,16498.270833333332,31870.270833333332,48,13075.117647058823,14025.70588235294,27100.823529411766,34,20950.14285714286,22503.071428571428,43453.21428571428,14,0.4824620046275998,1.603390916831576,2025-08-01,48,1.0342997932969142,False,False,True
Vijayanagar,11564.291666666666,12687.041666666666,24251.333333333332,48,12763.058823529413,14059.14705882353,26822.20588235294,34,8653.0,9354.785714285714,18007.785714285714,14,0.47583926838495316,0.6713760155772097,2025-08-01,48,1.0494217924434255,False,False,True
Banashankari,12105.083333333334,12263.708333333334,24368.791666666668,48,12607.617647058823,12714.617647058823,25322.235294117647,34,10884.642857142857,11168.642857142857,22053.285714285714,14,0.4978872323324305,0.8709059630059077,2025-08-01,48,0.9434145278186474,False,False,True
Krantivira Sangolli Rayanna Railway Station,12161.083333333334,13746.979166666666,25908.0625,48,12488.235294117647,14260.29411764706,26748.529411764706,34,11366.57142857143,12500.357142857143,23866.928571428572,14,0.466875584144263,0.8922706816521759,2025-08-01,48,0.9814645459381593,False,False,True
Konanakunte Cross,12256.520833333334,12059.75,24316.270833333332,48,12052.20588235294,11925.79411764706,23978.0,34,12752.714285714286,12385.07142857143,25137.785714285714,14,0.5026359947599024,1.0483687427761161,2025-08-01,48,0.9934124601883464,False,False,True
Dasarahalli,11384.916666666666,10589.208333333334,21974.125,48,11841.617647058823,11066.676470588236,22908.29411764706,34,10275.785714285714,9429.642857142857,19705.428571428572,14,0.5169139869710687,0.8601875141915867,2025-08-01,48,1.0321370711012212,False,False,True
Rajajinagar,10949.958333333334,11581.916666666666,22531.875,48,11714.70588235294,12387.970588235294,24102.676470588234,34,9092.714285714286,9624.357142857143,18717.071428571428,14,0.48603340366154113,0.7765557261415056,2025-08-01,48,1.0582421320101638,False,False,True
Sri Sathya Sai Hospital,8765.041666666666,8484.395833333334,17249.4375,48,11614.941176470587,11283.323529411764,22898.264705882353,34,1843.857142857143,1687.0,3530.8571428571427,14,0.507241108689202,0.15419758607079506,2025-08-01,48,1.0287309479175157,False,False,True
Sandal Soap Factory,11751.6875,10875.270833333334,22626.958333333332,48,11293.20588235294,10647.29411764706,21940.5,34,12865.142857142857,11428.92857142857,24294.071428571428,14,0.5147196227229526,1.107270637796378,2025-08-01,48,1.0566932156223012,False,False,True
"Sri Balagangadharanatha Swamiji Station, Hosahalli",9775.479166666666,8399.020833333334,18174.5,48,11108.64705882353,9520.970588235294,20629.617647058825,34,6537.785714285715,5674.285714285715,12212.07142857143,14,0.5384805113151138,0.5919678996237969,2025-08-01,48,1.0362136279926337,False,False,True
Nagasandra,10726.583333333334,8851.520833333334,19578.104166666668,48,10861.20588235294,8962.823529411764,19824.029411764706,34,10399.642857142857,8581.214285714286,18980.85714285714,14,0.5478808398007765,0.9574671601119005,2025-08-01,48,1.0158954480605131,False,False,True
Jaya Prakash Nagar,9998.375,9936.979166666666,19935.354166666668,48,10656.29411764706,10532.441176470587,21188.735294117647,34,8400.57142857143,8490.857142857143,16891.428571428572,14,0.5029226128755985,0.7971890883038177,2025-08-01,48,0.99009170737138,False,False,True
Seetharampalya,8840.354166666666,8384.375,17224.729166666668,48,10320.176470588236,9910.676470588236,20230.852941176472,34,5246.5,4677.642857142857,9924.142857142857,14,0.5101206805563431,0.490544955568529,2025-08-01,48,0.9914598851829008,False,False,True
Yelachenahalli,9484.6875,9232.0,18716.6875,48,10315.088235294117,10037.764705882353,20352.852941176472,34,7468.0,7275.142857142857,14743.142857142857,14,0.5068128908073302,0.7243772113793225,2025-08-01,48,1.0212518802031365,False,False,True
Krishna Rajendra Market,9732.9375,9588.020833333334,19320.958333333332,48,10271.588235294117,10185.676470588236,20457.264705882353,34,8424.785714285714,8136.571428571428,16561.35714285714,14,0.5020997862114278,0.8095587255169568,2025-08-01,48,1.067137676252389,False,False,True
Swami Vivekananda Road,8790.0,8930.895833333334,17720.895833333332,48,10142.676470588236,10491.735294117647,20634.41176470588,34,5504.928571428572,5140.285714285715,10645.214285714286,14,0.491541827615206,0.5158961838651678,2025-08-01,48,0.9985515249001673,False,False,True
Halasuru,9009.520833333334,8739.708333333334,17749.229166666668,48,9939.5,9641.058823529413,19580.558823529413,34,6751.0,6550.714285714285,13301.714285714286,14,0.5076208544189239,0.67933272005138,2025-08-01,48,0.9946465062431529,False,False,True
Nallurahalli,8124.291666666667,8050.979166666667,16175.270833333334,48,9690.29411764706,9724.823529411764,19415.117647058825,34,4321.142857142857,3985.9285714285716,8307.07142857143,14,0.49911075965666535,0.4278661391387375,2025-08-01,48,1.0031099561197971,False,False,True
Kundalahalli,8093.8125,8133.729166666667,16227.541666666666,48,9612.970588235294,9562.85294117647,19175.823529411766,34,4404.428571428572,4663.0,9067.42857142857,14,0.5013067925604852,0.47285732253016416,2025-08-01,48,1.001265811958502,False,False,True
Mahalakshmi,10007.083333333334,10354.520833333334,20361.604166666668,48,9462.79411764706,9698.441176470587,19161.235294117647,34,11328.92857142857,11947.857142857143,23276.785714285714,14,0.49385094292704945,1.2147852347197838,2025-08-01,48,1.0303836395786883,False,False,True
Whitefield (Kadugodi),8589.6875,8262.541666666666,16852.229166666668,48,9413.382352941177,9053.0,18466.382352941175,34,6589.285714285715,6342.857142857143,12932.142857142857,14,0.5097577951667339,0.7003073265773212,2025-08-01,48,0.9800872306712188,False,False,True
Attiguppe,8422.604166666666,8076.895833333333,16499.5,48,9310.117647058823,8929.117647058823,18239.235294117647,34,6267.214285714285,6007.214285714285,12274.42857142857,14,0.5104445168302335,0.6729683768807571,2025-08-01,48,1.0214324123626866,False,False,True
Rashtreeya Vidyalaya Road,8548.666666666666,8686.291666666666,17234.958333333332,48,9160.823529411764,9353.617647058823,18514.441176470587,34,7062.0,7065.642857142857,14127.642857142857,14,0.49479341245546005,0.7630607223023954,2025-08-01,48,1.0140385849917222,False,False,True
South End Circle,8153.854166666667,7799.979166666667,15953.833333333334,48,9014.29411764706,8651.20588235294,17665.5,34,6064.214285714285,5732.714285714285,11796.92857142857,14,0.5102767607849797,0.6677947735093018,2025-08-01,48,1.0541629203380687,False,False,True
Garudacharpalya,7586.770833333333,8139.0,15725.770833333334,48,8764.882352941177,9444.79411764706,18209.676470588234,34,4725.642857142857,4967.785714285715,9693.42857142857,14,0.48133103117444015,0.5323229430838669,2025-08-01,48,1.0198065966037841,False,False,True
Singayyanapalya,8271.854166666666,8312.729166666666,16584.583333333332,48,8461.911764705883,8423.382352941177,16885.29411764706,34,7810.285714285715,8044.0,15854.285714285714,14,0.501140916216687,0.9389404533804463,2025-08-01,48,0.9771007835720077,False,False,True
Jalahalli,8106.458333333333,7969.708333333333,16076.166666666666,48,8262.411764705883,8217.970588235294,16480.382352941175,34,7727.714285714285,7366.785714285715,15094.5,14,0.5013483053826921,0.9159071480708794,2025-08-01,48,1.036871207012812,False,False,True
Goraguntepalya,7663.4375,6744.041666666667,14407.479166666666,48,8042.705882352941,7242.588235294118,15285.29411764706,34,6742.357142857143,5533.285714285715,12275.642857142857,14,0.5261727919953819,0.8031015146100772,2025-08-01,48,1.030537294441981,False,False,True
Magadi Road,7350.145833333333,7283.479166666667,14633.625,48,8005.911764705882,7882.35294117647,15888.264705882353,34,5757.571428571428,5829.071428571428,11586.642857142857,14,0.5038883674780313,0.7292579190761533,2025-08-01,48,1.0014944944751913,False,False,True
Madavara,7838.958333333333,7142.75,14981.708333333334,48,7852.14705882353,7325.088235294118,15177.235294117647,34,7806.928571428572,6699.928571428572,14506.857142857143,14,0.5173634661819366,0.9558300218538269,2025-08-01,48,1.297901999719197,False,False,True
Silk Institute,7359.166666666667,6128.083333333333,13487.25,48,7547.882352941177,6278.705882352941,13826.588235294117,34,6900.857142857143,5762.285714285715,12663.142857142857,14,0.5458962272178071,0.9158544856943509,2025-08-01,48,1.1773890142964636,False,False,True
Hoodi,7060.25,6561.541666666667,13621.791666666666,48,7493.558823529412,6955.705882352941,14449.264705882353,34,6007.928571428572,5604.285714285715,11612.214285714286,14,0.5186117754821638,0.803654339655561,2025-08-01,48,0.9915576025958399,False,False,True
Mysore Road,6367.729166666667,5632.958333333333,12000.6875,48,7483.823529411765,6608.588235294118,14092.411764705883,34,3657.214285714286,3263.5714285714284,6920.785714285715,14,0.5310534246632522,0.49110016296988007,2025-08-01,48,1.0580226201481382,False,False,True
Kengeri Bus Terminal,7253.5,7779.6875,15033.1875,48,7448.382352941177,8173.85294117647,15622.235294117647,34,6780.214285714285,6822.428571428572,13602.642857142857,14,0.4767808327497007,0.870723209646238,2025-08-01,48,1.065319776843467,False,False,True
Pattanagere,6045.145833333333,5701.166666666667,11746.3125,48,7160.323529411765,6753.441176470588,13913.764705882353,34,3336.8571428571427,3145.6428571428573,6482.5,14,0.5146215766020953,0.46590553577921145,2025-08-01,48,1.1308704904241105,False,False,True
Lalbagh,6973.020833333333,6878.833333333333,13851.854166666666,48,7024.0,6867.14705882353,13891.14705882353,34,6849.214285714285,6907.214285714285,13756.42857142857,14,0.5056457879436543,0.990301845713354,2025-08-01,48,0.8871494559440289,False,False,True
Challaghatta,6492.291666666667,5476.729166666667,11969.020833333334,48,6503.941176470588,5573.970588235294,12077.911764705883,34,6464.0,5240.571428571428,11704.57142857143,14,0.5384988152899436,0.9690889995383615,2025-08-01,48,1.0605917691314357,False,False,True
Rajarajeshwari Nagar,5862.083333333333,6233.916666666667,12096.0,48,6377.5,6818.35294117647,13195.85294117647,34,4610.357142857143,4814.571428571428,9424.92857142857,14,0.48329577697092896,0.7142341319990715,2025-08-01,48,1.0286753717631494,False,False,True
Srirampura,5897.708333333333,5815.770833333333,11713.479166666666,48,6290.5,6226.941176470588,12517.441176470587,34,4943.785714285715,4817.214285714285,9761.0,14,0.502538810553745,0.779791960864018,2025-08-01,48,1.0530128497332725,False,False,True
Kengeri,5929.020833333333,3032.4375,8961.458333333334,48,6209.588235294118,3256.3823529411766,9465.970588235294,34,5247.642857142857,2488.5714285714284,7736.214285714285,14,0.6559906538281088,0.8172658274819887,2025-08-01,48,1.0316202057763093,False,False,True
Mahakavi Kuvempu Road,5447.083333333333,5323.229166666667,10770.3125,48,5841.382352941177,5760.323529411765,11601.70588235294,34,4489.5,4261.714285714285,8751.214285714286,14,0.5034934010718505,0.7543040975573717,2025-08-01,48,1.044577802506425,False,False,True
Vajarahalli,5356.604166666667,5393.666666666667,10750.270833333334,48,5695.14705882353,5780.617647058823,11475.764705882353,34,4534.428571428572,4453.928571428572,8988.357142857143,14,0.4962760395308784,0.7832469010322082,2025-08-01,48,1.0900075028988474,False,False,True
Doddakallasandra,5121.041666666667,5018.3125,10139.354166666666,48,5468.0,5419.411764705882,10887.411764705883,34,4278.428571428572,4044.214285714286,8322.642857142857,14,0.5022313951352345,0.7644280419449799,2025-08-01,48,1.0592060232717317,False,False,True
Delta Electronics Bommasandra,5302.708333333333,5270.895833333333,10573.604166666666,48,5408.294117647059,5383.235294117647,10791.529411764706,34,5046.285714285715,4998.071428571428,10044.357142857143,14,0.5011610413396127,0.9307630790411403,2025-08-11,38,3.32436614270141,True,True,False
Infosys Foundation Konappana Agrahara,5043.604166666667,4420.0625,9463.666666666666,48,5384.617647058823,4739.941176470588,10124.558823529413,34,4215.428571428572,3643.214285714286,7858.642857142857,14,0.5318372623353232,0.7761960786754895,2025-08-07,40,3.339914505144182,True,True,False
Jnanabharathi,4291.395833333333,4237.041666666667,8528.4375,48,4770.205882352941,4759.85294117647,9530.058823529413,34,3128.5714285714284,2967.3571428571427,6095.928571428572,14,0.5005431729944263,0.6396527748997642,2025-08-01,48,1.0619826264690855,False,False,True
Deepanjali Nagar,4435.625,5346.083333333333,9781.708333333334,48,4726.117647058823,5651.823529411765,10377.941176470587,34,3730.1428571428573,4603.571428571428,8333.714285714286,14,0.4554003117472014,0.8030219235207191,2025-08-01,48,1.0197210275865451,False,False,True
Peenya,4039.4583333333335,3553.9166666666665,7593.375,48,4490.441176470588,3974.5,8464.941176470587,34,2944.214285714286,2532.5,5476.714285714285,14,0.5304751778963754,0.646987872867626,2025-08-01,48,1.0680971161848247,False,False,True
Central Silk Board,3994.0625,3873.875,7867.9375,48,4315.823529411765,4145.35294117647,8461.176470588236,34,3212.6428571428573,3214.5714285714284,6427.214285714285,14,0.5100736929922136,0.7596123669156204,2025-08-11,38,3.4302503123120345,True,True,False
Chikkabidarakallu,4031.9166666666665,3789.9166666666665,7821.833333333333,48,4286.588235294118,4056.5882352941176,8343.176470588236,34,3413.4285714285716,3142.285714285714,6555.714285714285,14,0.5137837189954454,0.7857575959018489,2025-08-01,48,1.0124214860038354,False,False,True
Jayadeva Hospital,3763.0416666666665,3478.9791666666665,7242.020833333333,48,4218.411764705882,3901.529411764706,8119.941176470588,34,2657.1428571428573,2452.785714285714,5109.928571428572,14,0.5195126015111672,0.6293061070732598,2025-08-03,40,3.2442937324602434,True,True,False
Bommanahalli,3375.5208333333335,3375.7708333333335,6751.291666666667,48,3549.4117647058824,3557.9411764705883,7107.35294117647,34,2953.214285714286,2933.3571428571427,5886.571428571428,14,0.49939995861783576,0.8282368242144779,2025-08-11,38,3.371085796048649,True,True,False
Thalaghattapura,2867.125,2800.9791666666665,5668.104166666667,48,3058.1176470588234,2999.9411764705883,6058.058823529412,34,2403.285714285714,2317.785714285714,4721.071428571428,14,0.504801576898055,0.779304322736989,2025-08-01,48,1.0141497744957129,False,False,True
BTM Layout,2969.5625,3546.6041666666665,6516.166666666667,48,3052.176470588235,3694.205882352941,6746.382352941177,34,2768.9285714285716,3188.1428571428573,5957.071428571428,14,0.45241676366854566,0.8830023436152211,2025-08-11,38,3.759440837418842,True,True,False
Kudlu Gate,2847.0208333333335,2635.3125,5482.333333333333,48,3026.235294117647,2802.1176470588234,5828.35294117647,34,2411.785714285714,2230.214285714286,4642.0,14,0.5192264992632365,0.7964514240729901,2025-08-08,39,3.358715890850722,True,True,False
Electronic City,2872.0208333333335,2963.5625,5835.583333333333,48,2971.0,3002.823529411765,5973.823529411765,34,2631.6428571428573,2868.214285714286,5499.857142857143,14,0.4973364186893801,0.9206594596875726,2025-08-11,38,3.8075485008818344,True,True,False
Hopefarm Channasandra,2613.8333333333335,2592.9166666666665,5206.75,48,2924.8823529411766,2851.6176470588234,5776.5,34,1858.4285714285713,1964.642857142857,3823.0714285714284,14,0.5063416174052067,0.6618318062098898,2025-08-01,48,1.0095666854248735,False,False,True
Hosa Road,2783.1041666666665,2815.9791666666665,5599.083333333333,48,2790.8529411764707,2877.9411764705883,5668.794117647059,34,2764.285714285714,2665.5,5429.785714285715,14,0.4923186277816114,0.9578378754985463,2025-08-11,38,3.685193257773903,True,True,False
Peenya Industry,2254.6666666666665,2086.9375,4341.604166666667,48,2577.176470588235,2405.529411764706,4982.705882352941,34,1471.4285714285713,1313.2142857142858,2784.6428571428573,14,0.5172242816329422,0.5588615749938443,2025-08-01,48,1.0475342596419828,False,False,True
Hongasandra,2341.1875,2141.9375,4483.125,48,2559.470588235294,2354.8529411764707,4914.323529411765,34,1811.0714285714287,1624.857142857143,3435.9285714285716,14,0.5208184957537091,0.6991661315875647,2025-08-06,39,3.4486018748497718,True,True,False
Pantharapalya - Nayandahalli,2258.6041666666665,2181.75,4440.354166666667,48,2328.029411764706,2263.294117647059,4591.323529411765,34,2090.0,1983.7142857142858,4073.714285714286,14,0.5070497421607252,0.8872636092007669,2025-08-01,48,1.0254585096832116,False,False,True
Ragigudda,1952.5416666666667,1933.9375,3886.4791666666665,48,2092.3823529411766,2052.764705882353,4145.14705882353,34,1612.9285714285713,1645.357142857143,3258.285714285714,14,0.5047787987370064,0.7860482796020455,2025-08-06,42,2.5216351543232944,True,True,False
Huskur Road,1839.3541666666667,1625.2083333333333,3464.5625,48,1830.6764705882354,1658.0882352941176,3488.764705882353,34,1860.4285714285713,1545.357142857143,3405.785714285714,14,0.5247348631742231,0.9762153660128672,2025-08-09,39,4.150481296454246,True,True,False
Biocon Hebbagodi,1294.9791666666667,1062.0625,2357.0416666666665,48,1341.9117647058824,1084.5,2426.4117647058824,34,1181.0,1007.5714285714286,2188.5714285714284,14,0.5530437101505491,0.9019785761040093,2025-08-11,38,3.5571690614490983,True,True,False
Manjunathanagara,1224.0416666666667,1174.9166666666667,2398.9583333333335,48,1257.1176470588234,1238.235294117647,2495.3529411764707,34,1143.7142857142858,1021.1428571428571,2164.8571428571427,14,0.5037835034534782,0.867555489700182,2025-08-01,48,0.9707353533030529,False,False,True
Singasandra,1162.3333333333333,1140.9166666666667,2303.25,48,1215.8823529411766,1205.3823529411766,2421.264705882353,34,1032.2857142857142,984.3571428571429,2016.642857142857,14,0.5021682883276849,0.8328882225241686,2025-08-11,38,4.058954393770857,True,True,False
Beratena Agrahara,594.125,527.375,1121.5,48,638.1764705882352,569.4411764705883,1207.6176470588234,34,487.14285714285717,425.2142857142857,912.3571428571429,14,0.5284590467376215,0.7555016648516247,2025-08-11,38,4.104882459312839,True,True,False
