station_id,name,phase,Line,Layout,confidence,position_source,catchment_area_km2,population,population_density,built_volume,built_volume_density,built_surface,built_surface_density,population_2030,population_core400,core_share,intersection_count,intersection_density,street_length_km,street_density,circuity,pnr,network_catchment_km2,poi_education,poi_healthcare,poi_retail,poi_office,poi_government,poi_transport,poi_leisure,poi_total,dist_cbd_km,dist_nearest_centre_km,bus_stops_500m,parking_area_m2,competing_rail_1km,metro_betweenness,metro_degree,metro_closeness,is_interchange,is_terminal,city,poi_total_pctl,poi_education_pctl,poi_healthcare_pctl,poi_retail_pctl,poi_office_pctl,poi_government_pctl,poi_transport_pctl,poi_leisure_pctl,bus_stops_500m_pctl,parking_area_m2_pctl
MAA000,Chennai International Airport,phase1,Blue Line,Elevated,high,osm,2.007391033949412,12977.482585619204,6464.850328681028,2268368.0,1130008.036120961,291266.0,145096.79234092872,14430.514607699588,4519.53759752214,0.3482599624160078,84,41.845359762684325,44.93303698931911,22.383798786286434,1.0039043986797522,0.07154571427151235,0.14385119382477926,0.0,0.0,29.0,1.0,0.0,2.0,0.0,32.0,18.285016301362038,6.7536201928185315,1,26628.496192769293,1,0.0,1.0,5.4344386665051973e-05,0,1,chennai,0.5074626865671642,0.06343283582089553,0.04477611940298507,0.8731343283582089,0.35447761194029853,0.40298507462686567,0.6940298507462687,0.12686567164179105,0.2537313432835821,1.0
MAA001,Meenambakkam,phase1,Blue Line,Elevated,high,osm,2.007391033949412,10581.195499813184,5271.118242964037,3191713.0,1589980.6993361483,384094.0,191339.90015105324,11296.308659177274,3668.524019598961,0.34670222468375433,94,46.82695021062293,45.3200026312669,22.576569220847187,1.0040511292711316,0.1155513705477756,0.23232981556807925,1.0,0.0,3.0,1.0,0.0,2.0,0.0,7.0,16.79776790040295,5.22735136324918,1,2043.4999000962475,1,0.014978024520009252,2.0,5.924124245074187e-05,0,0,chennai,0.10820895522388059,0.20522388059701493,0.04477611940298507,0.3208955223880597,0.35447761194029853,0.40298507462686567,0.6940298507462687,0.12686567164179105,0.2537313432835821,0.8283582089552238
MAA002,St. Thomas Mount,phase1,Green Line,Elevated,high,osm,2.007391033949412,46630.23624753952,23229.27394758636,6776843.0,3375945.6355979634,749002.0,373122.1208686915,49202.560266017914,14043.224571228027,0.3011613429680839,342,170.37039331950047,93.94393784330941,46.79902234019686,1.0048525783422417,0.1658887483451029,0.33353911879307596,1.0,5.0,3.0,3.0,1.0,4.0,2.0,19.0,14.55692323014399,2.715935011596884,1,0.0,1,0.02703562340966921,2.0,6.704479402066701e-05,0,0,chennai,0.33955223880597013,0.20522388059701493,0.44029850746268656,0.3208955223880597,0.585820895522388,0.8731343283582089,0.9402985074626866,0.40298507462686567,0.2537313432835821,0.35074626865671643
MAA003,Nanganallur Road,phase1,Blue Line,Elevated,high,osm,2.007391033949412,21940.877880088054,10930.04676668342,3703408.0,1844886.191761943,433656.0,216029.6587291266,23148.094550017267,3105.6654563248158,0.14154700068511353,183,91.16310519727656,57.392963567571556,28.59082390871031,1.0052474850886592,0.1522923798488142,0.30620199790767416,3.0,1.0,2.0,3.0,2.0,3.0,3.0,17.0,14.498483137448225,2.9807103591083606,4,2635.459826203384,1,0.058437427712236874,3.0,6.848736246032628e-05,1,0,chennai,0.30970149253731344,0.417910447761194,0.12313432835820895,0.25,0.585820895522388,0.9552238805970149,0.8694029850746269,0.5447761194029851,0.6119402985074627,0.8731343283582089
MAA004,Arignar Anna Alandur,phase1,Blue Line,Elevated,high,osm,2.007391033949412,44702.30560741946,22268.857861475335,6241699.0,3109358.8117307974,659481.0,328526.42501970025,47175.13726608455,11331.586823564023,0.2534899860217336,311,154.92746293089075,87.61277780331396,43.64509770223567,1.0053215140788998,0.3243447664145163,0.6521338466548108,9.0,9.0,3.0,3.0,1.0,2.0,0.0,27.0,13.59052535540238,2.0940445561365335,5,5217.936036537689,0,0.15111034004163776,3.0,7.150020645068306e-05,1,0,chennai,0.43283582089552236,0.7985074626865671,0.582089552238806,0.3208955223880597,0.585820895522388,0.8731343283582089,0.6940298507462687,0.12686567164179105,0.7126865671641791,0.917910447761194
MAA005,Ekkattuthangal,phase1,Green Line,Elevated,high,osm,2.007391033949412,81427.14446103573,40563.66850500129,11357151.0,5657667.493739643,789065.0,393079.8666802679,85931.84426760674,21689.58856201172,0.26636803618221633,383,190.79491415604875,93.44835474926006,46.55214313944926,1.0049560117851402,0.3092322071175187,0.6217482432856026,1.0,1.0,6.0,10.0,1.0,1.0,0.0,20.0,12.292510895678575,1.9967068857661467,5,4106.942779238876,0,0.023883876937312053,2.0,6.568943800553627e-05,0,0,chennai,0.35074626865671643,0.20522388059701493,0.12313432835820895,0.47388059701492535,0.8880597014925373,0.8731343283582089,0.43283582089552236,0.12686567164179105,0.7126865671641791,0.8955223880597015
MAA006,Ashok Nagar,phase1,Green Line,Elevated,high,osm,2.007391033949412,63864.96164703369,31814.90828988287,8907644.0,4437423.426403767,823419.0,410193.6225051162,67398.0892944336,14623.058250427246,0.2289684025999323,404,201.25625409671983,101.9351041945477,50.77989413651858,1.0049753499770666,0.5030422957872254,1.0114265477696582,12.0,19.0,38.0,8.0,0.0,3.0,5.0,85.0,10.48267549416248,2.5789536667394932,11,0.0,0,0.028452463566967384,2.0,6.991067641479994e-05,0,0,chennai,0.9477611940298507,0.917910447761194,0.8507462686567164,0.9253731343283582,0.7985074626865671,0.40298507462686567,0.8694029850746269,0.7873134328358209,0.9514925373134329,0.35074626865671643
MAA007,Puratchi Thalaivi Dr. J. Jayalalithaa CMBT,phase1,Green Line,Elevated,high,osm,2.007391033949412,51142.12698242068,25476.913126289033,7133111.0,3553423.7621685825,664817.0,331184.6016827203,54012.421165809035,11479.196260124445,0.22445676270113368,319,158.91273528924165,86.54207302282848,43.1117164315328,1.0048319701717163,0.08504673159350601,0.17099659979902812,2.0,2.0,13.0,10.0,0.0,11.0,11.0,49.0,9.462656896334781,4.396019928034688,11,8248.490659228662,0,0.05097733055748323,2.0,7.183023361686032e-05,0,0,chennai,0.6716417910447762,0.332089552238806,0.19402985074626866,0.6753731343283582,0.8880597014925373,0.40298507462686567,0.9925373134328358,0.9776119402985075,0.9514925373134329,0.9552238805970149
MAA008,Koyambedu,phase1,Green Line,Elevated,high,osm,2.007391033949412,43575.79091772437,21707.674379710577,6077787.0,3027704.566380546,642705.0,320169.3088842384,45986.484273441136,11753.665836334229,0.269729259958273,203,101.12628609315378,76.80697618592181,38.26208989028364,1.0052731225684963,0.10621616769809719,0.21356027656499432,2.0,2.0,15.0,7.0,0.0,3.0,0.0,29.0,10.282083470574127,5.5030889485885375,1,12287.826555572528,0,0.05198935924126764,2.0,7.242311443365683e-05,0,0,chennai,0.47388059701492535,0.332089552238806,0.19402985074626866,0.7126865671641791,0.753731343283582,0.40298507462686567,0.8694029850746269,0.12686567164179105,0.2537313432835821,0.9776119402985075
MAA009,Anna Nagar Tower,phase1,Green Line,Underground,high,osm,2.007391033949412,71174.26441192627,35456.10357335088,9927118.0,4945283.620435944,840219.0,418562.6944576531,75111.75650024414,18848.925117492676,0.26482781765615643,255,127.03055642243456,89.231952515416,44.4517042301708,1.0053528603775388,0.3371389116512699,0.6778580019730482,8.0,9.0,19.0,7.0,0.0,0.0,5.0,48.0,8.591963957191929,5.518847185513414,4,0.0,0,0.1669269026139255,2.0,7.554213178915561e-05,0,0,chennai,0.6529850746268657,0.7276119402985075,0.582089552238806,0.7835820895522388,0.753731343283582,0.40298507462686567,0.15298507462686567,0.7873134328358209,0.6119402985074627,0.35074626865671643
MAA010,Thirumangalam,phase1,Green Line,Underground,high,osm,2.007391033949412,64030.961112976074,31897.60242527302,8930797.0,4448957.302767879,813528.0,405266.33139306016,67573.27239227295,18477.671920776367,0.2885740210610677,350,174.35566567785133,108.41081752936115,54.005829305748115,1.0053770435036489,0.4144721797714902,0.8333457632559754,4.0,12.0,18.0,10.0,1.0,0.0,5.0,50.0,9.35231250914708,5.962645809307136,5,0.0,0,0.1926324311820495,3.0,7.580454457900318e-05,1,0,chennai,0.7014925373134329,0.4925373134328358,0.6567164179104478,0.7649253731343284,0.8880597014925373,0.8731343283582089,0.15298507462686567,0.7873134328358209,0.7126865671641791,0.35074626865671643
MAA011,Guindy,phase1,Blue Line,Elevated,high,osm,2.007391033949412,48651.25823492929,24236.06433033184,6785694.0,3380354.8413034338,492535.0,245360.76512754432,51342.73582440242,10012.487565040588,0.2058012049080387,197,98.13733182439061,60.201860178930126,29.990101161549408,1.0038792412272846,0.29516240551733275,0.5934592286650522,1.0,2.0,2.0,6.0,0.0,4.0,1.0,16.0,12.333299615204854,0.8633343517274003,11,0.0,1,0.12797825584085126,2.0,7.220586855557623e-05,0,0,chennai,0.291044776119403,0.20522388059701493,0.19402985074626866,0.25,0.7052238805970149,0.40298507462686567,0.9402985074626866,0.29850746268656714,0.9514925373134329,0.35074626865671643
MAA012,Little Mount,phase1,Blue Line,Elevated,high,osm,2.007391033949412,59513.747018516064,29647.311366847454,8300753.0,4135095.185549776,561215.0,279574.3283239867,62848.72563827038,21596.25351333618,0.36287840365045576,255,127.03055642243456,71.20263920016626,35.47023873075675,1.004334110006948,0.23652061036664374,0.47555290364827,6.0,6.0,34.0,23.0,2.0,1.0,3.0,75.0,11.109166117858344,0.9619231821161072,4,0.0,1,0.13040712468193386,2.0,7.32754974266556e-05,0,0,chennai,0.914179104477612,0.6343283582089553,0.4962686567164179,0.9104477611940298,0.9850746268656716,0.9552238805970149,0.43283582089552236,0.5447761194029851,0.6119402985074627,0.35074626865671643
MAA013,Saidapet,phase1,Blue Line,Underground,high,osm,2.007391033949412,54300.62207790837,27050.346026043273,7573646.0,3772880.256966846,682060.0,339774.3580921008,57704.732470247895,14773.105159759521,0.2720614349235937,382,190.2967551112549,99.90888438582085,49.77051441206081,1.0043864222688923,0.3443855892935935,0.6924283118892448,5.0,14.0,16.0,8.0,0.0,3.0,2.0,48.0,10.036668450235256,2.0696487834809725,6,0.0,1,0.1366817025213972,2.0,7.674290915853438e-05,0,0,chennai,0.6529850746268657,0.5708955223880597,0.7126865671641791,0.7388059701492538,0.7985074626865671,0.40298507462686567,0.8694029850746269,0.40298507462686567,0.7835820895522388,0.35074626865671643
MAA014,Nandanam,phase1,Blue Line,Underground,high,osm,2.007391033949412,80174.8519359827,39939.82765691838,11182486.0,5570656.544180724,728072.0,362695.65206115594,84610.27353423834,22266.869514465332,0.2777288510896756,285,141.9753277662504,87.71358745369557,43.69531694137577,1.0037359227014044,0.08119711845210931,0.16325649332595638,16.0,16.0,9.0,7.0,0.0,3.0,8.0,59.0,8.491136074975495,1.3617151012850273,5,2161.586416097459,0,0.2966689798750867,3.0,8.354209941679468e-05,1,0,chennai,0.8432835820895522,0.9664179104477612,0.7835820895522388,0.5746268656716418,0.753731343283582,0.40298507462686567,0.8694029850746269,0.9440298507462687,0.7126865671641791,0.8582089552238806
MAA015,Teynampet,phase1,Blue Line,Underground,high,osm,2.007391033949412,102718.69354248047,51170.246257595405,14326816.0,7137032.973497405,894815.0,445760.1856672187,108401.28207397461,26959.934539794922,0.262463760100739,355,176.84646090182065,89.69943140657348,44.6845830680511,1.005073936145339,0.4476052195793397,0.8999636925048958,8.0,16.0,21.0,8.0,0.0,2.0,0.0,55.0,7.703358585404559,1.455778051712729,8,627.9834279022814,0,0.2689393939393939,2.0,8.32628954502406e-05,0,0,chennai,0.8059701492537313,0.7276119402985075,0.7835820895522388,0.8134328358208955,0.7985074626865671,0.40298507462686567,0.6940298507462687,0.12686567164179105,0.8880597014925373,0.7388059701492538
MAA016,AG – DMS,phase1,Blue Line,Underground,high,osm,2.007391033949412,92481.70201051235,46070.59633446733,12898999.0,6425753.020636968,786299.0,391701.9587623681,97597.9608733654,21563.817947387695,0.2331684806680628,333,165.88696191635572,89.69415080713208,44.68195248967743,1.0051348552865893,0.38024012487749737,0.7645181330657352,10.0,15.0,18.0,18.0,1.0,1.0,3.0,66.0,6.778566916135126,1.61344867130854,5,0.0,0,0.2696911866759195,2.0,8.379565895639049e-05,0,0,chennai,0.8805970149253731,0.8507462686567164,0.753731343283582,0.7649253731343284,0.9701492537313433,0.8731343283582089,0.43283582089552236,0.5447761194029851,0.7126865671641791,0.35074626865671643
MAA017,Vadapalani,phase1,Green Line,Elevated,high,osm,2.007391033949412,85460.5411529541,42572.941548322066,11919714.0,5937913.340456012,991124.0,493737.38511227065,90188.3765411377,23186.890106201172,0.27131691179795053,385,191.79123224563648,98.35746683144438,48.9976617250962,1.0053090538037386,0.5164456967575797,1.0383756844234715,10.0,18.0,8.0,0.0,0.0,2.0,3.0,41.0,9.438189808829117,2.5841826251175806,7,6195.520236864433,0,0.07442748091603053,3.0,7.62076245857298e-05,1,0,chennai,0.585820895522388,0.8507462686567164,0.832089552238806,0.5223880597014925,0.13059701492537312,0.40298507462686567,0.6940298507462687,0.5447761194029851,0.8432835820895522,0.9328358208955224
MAA018,Thousand Lights,phase1,Blue Line,Underground,high,osm,2.007391033949412,86627.3349571228,43154.190435278135,12082454.0,6018983.743405765,746138.0,371695.3933644018,91419.71947860718,26436.40447616577,0.3051739325612496,238,118.56185266093891,71.38581742914108,35.56149062232988,1.0034822503199017,0.23330260645225456,0.46908272287600233,16.0,3.0,25.0,13.0,0.0,2.0,4.0,63.0,4.976688555385116,3.2617003367841657,13,5154.869093680869,0,0.3741614619477215,3.0,8.58528133019697e-05,1,0,chennai,0.8507462686567164,0.9664179104477612,0.2798507462686567,0.8507462686567164,0.9402985074626866,0.40298507462686567,0.6940298507462687,0.6828358208955224,0.9813432835820896,0.9029850746268657
MAA019,Arumbakkam,phase1,Green Line,Elevated,high,osm,2.007391033949412,64799.26414936781,32280.33953199415,9037957.0,4502340.026007989,883522.0,440134.4755743616,68384.07922936976,20881.293029785156,0.3222458357189366,448,223.17525206764972,108.5598488418625,54.08007060202816,1.0052947582626017,0.4063148744400984,0.8169445277345743,4.0,4.0,6.0,1.0,0.0,3.0,14.0,32.0,8.943189470891559,3.271270639010328,4,0.0,0,0.054215822345593336,2.0,7.334202463841147e-05,0,0,chennai,0.5074626865671642,0.4925373134328358,0.3656716417910448,0.47388059701492535,0.35447761194029853,0.40298507462686567,0.8694029850746269,1.0,0.6119402985074627,0.35074626865671643
MAA020,Pachaiyappa's College,phase1,Green Line,Underground,high,osm,2.007391033949412,70036.30714654922,34889.21986901442,9768400.0,4866216.8131643515,748838.0,373040.4227853453,73910.84521436691,15011.360852718353,0.21433684133727177,288,143.46980490063197,81.47473748526545,40.58737740049042,1.005178781828925,0.40366929243331484,0.8116252694965068,10.0,25.0,12.0,2.0,1.0,1.0,2.0,53.0,6.245209426674634,3.734319575548821,0,0.0,0,0.17062803608605134,2.0,7.661190105606359e-05,0,0,chennai,0.75,0.8507462686567164,0.914179104477612,0.6455223880597015,0.5,0.8731343283582089,0.43283582089552236,0.40298507462686567,0.09328358208955224,0.35074626865671643
MAA021,Kilpauk,phase1,Green Line,Underground,high,osm,2.007391033949412,81840.02479171753,40769.34857614791,11414738.0,5686354.978652188,771611.0,384384.9987124359,86367.56618499756,17436.34758758545,0.2130540359923017,309,153.93114484130305,84.5620803390589,42.12536516748731,1.0048795849990846,0.3424861697559818,0.6886093023113594,8.0,29.0,9.0,1.0,0.0,2.0,3.0,52.0,5.169633229368773,4.072125788222308,1,1102.681229981192,1,0.19234328012953966,3.0,7.796009828401456e-05,1,0,chennai,0.7350746268656716,0.7276119402985075,0.9738805970149254,0.5746268656716418,0.35447761194029853,0.40298507462686567,0.6940298507462687,0.5447761194029851,0.2537313432835821,0.7761194029850746
MAA022,Nehru Park,phase1,Green Line,Underground,high,osm,2.007391033949412,77290.18137264252,38502.802924539865,10780143.0,5370225.739621227,781571.0,389346.66279858275,81566.01710224152,22176.31649017334,0.28692281602049424,277,137.9900554078995,78.49694481724552,39.103963049395446,1.005198400741854,0.42343385456099636,0.8513642795328225,7.0,35.0,1.0,0.0,0.0,1.0,6.0,50.0,4.329896473766151,4.463244100467671,2,0.0,0,0.01494910941475827,2.0,7.316146977742272e-05,0,0,chennai,0.7014925373134329,0.667910447761194,1.0,0.16791044776119404,0.13059701492537312,0.40298507462686567,0.43283582089552236,0.8619402985074627,0.3880597014925373,0.35074626865671643
MAA023,Shenoy Nagar,phase1,Green Line,Underground,high,osm,2.007391033949412,67172.38536152244,33462.53132822115,9368951.0,4667227.680880489,795013.0,396042.9166787018,70888.48591165245,16083.106267929077,0.23943032812322565,478,238.12002341146555,109.12686898508139,54.36253681495296,1.0053088543106623,0.3616969619852952,0.7272348919032001,8.0,16.0,12.0,6.0,0.0,0.0,7.0,49.0,6.947420918134763,4.211475788429419,1,1864.3530607356288,0,0.16889312977099236,2.0,7.603312311033698e-05,0,0,chennai,0.6716417910447762,0.7276119402985075,0.7835820895522388,0.6455223880597015,0.7052238805970149,0.40298507462686567,0.15298507462686567,0.9067164179104478,0.2537313432835821,0.8208955223880597
MAA024,Anna Nagar East,phase1,Green Line,Underground,high,osm,2.007391033949412,64516.57073020935,32139.51324833666,8998528.0,4482698.113030813,795611.0,396340.81578748854,68085.74695014954,18240.64942932129,0.2827281305077217,337,167.87959809553115,107.06675809350864,53.336273941037646,1.0053478896003172,0.46182420385082773,0.9285526566833379,7.0,15.0,22.0,6.0,0.0,0.0,6.0,56.0,7.449331469105496,4.995405525298259,8,761.7152121611927,0,0.1672738838769373,2.0,7.547342470493379e-05,0,0,chennai,0.832089552238806,0.667910447761194,0.753731343283582,0.8246268656716418,0.7052238805970149,0.40298507462686567,0.15298507462686567,0.8619402985074627,0.8880597014925373,0.753731343283582
MAA025,LIC,phase1,Blue Line,Underground,high,osm,2.007391033949412,89377.32365036011,44524.12217589515,12466012.0,6210056.630308809,797625.0,397344.10810370336,94321.84217834473,24090.384693145752,0.26953575816821507,418,208.2304807238339,93.8400046875844,46.74724709861848,1.0041188997513446,0.37108012186017525,0.7461008542266444,5.0,5.0,15.0,8.0,0.0,1.0,3.0,37.0,3.997640441995471,4.260869473337928,14,0.0,0,0.1755436039787185,2.0,8.03493398191771e-05,0,0,chennai,0.5447761194029851,0.5708955223880597,0.44029850746268656,0.7126865671641791,0.7985074626865671,0.40298507462686567,0.43283582089552236,0.5447761194029851,0.9925373134328358,0.35074626865671643
MAA026,Government Estate,phase1,Blue Line,Underground,high,osm,2.007391033949412,74210.36616053432,36968.565120334446,10350582.0,5156236.042180532,743352.0,370307.52226560615,78315.82104640454,24977.87633037567,0.33658203863787306,345,171.86487045388205,85.59578470388965,42.640314346470646,1.0044399236192763,0.34389002118544587,0.6914319130873825,13.0,12.0,28.0,7.0,0.0,2.0,3.0,65.0,3.083622702716256,5.23361739550719,5,8890.23689458608,1,0.16342817487855657,2.0,7.556154263661478e-05,0,0,chennai,0.8694029850746269,0.9291044776119403,0.6567164179104478,0.8656716417910447,0.753731343283582,0.40298507462686567,0.6940298507462687,0.5447761194029851,0.7126865671641791,0.9626865671641791
MAA027,Egmore,phase1,Green Line,Underground,high,osm,2.007391033949412,68718.74935388565,34232.866537560425,9584632.0,4774671.121820673,686553.0,342012.5866803597,72520.39771747589,21510.28907394409,0.3130192163883991,306,152.43666770692147,74.26241160504459,36.99449202925755,1.005118433198572,0.33670513024464716,0.6769858327056499,8.0,19.0,5.0,4.0,1.0,3.0,3.0,43.0,3.0279764234680657,5.294873463725859,4,5157.718469546226,1,0.0,1.0,6.652460291471074e-05,0,1,chennai,0.6119402985074627,0.7276119402985075,0.8507462686567164,0.44029850746268656,0.6455223880597015,0.8731343283582089,0.8694029850746269,0.5447761194029851,0.6119402985074627,0.9104477611940298
MAA028,Puratchi Thalaivar Dr. M.G. Ramachandran Central,phase1,Blue Line,Underground,high,osm,2.007391033949412,64304.362790584564,32033.799943835504,8968930.0,4467953.601623003,683365.0,340424.4556455568,67861.798869133,17120.33669281006,0.2662391158211868,346,172.3630294986759,88.89419597591973,44.283447755082456,1.0052339587606451,0.303879790406182,0.6109865709532593,11.0,10.0,23.0,5.0,1.0,7.0,7.0,64.0,1.972504533833605,6.182829559808291,9,2455.7010392960424,5,0.15108142493638677,2.0,6.972891859969199e-05,0,0,chennai,0.8582089552238806,0.8955223880597015,0.6119402985074627,0.835820895522388,0.6753731343283582,0.8731343283582089,0.9850746268656716,0.9067164179104478,0.914179104477612,0.8656716417910447
MAA029,High Court,phase1,Blue Line,Underground,high,osm,2.007391033949412,75007.34068369865,37365.58518751903,10461741.0,5211610.903440772,741774.0,369521.42729292146,79156.88544559479,23154.870502471924,0.30870139230924865,301,149.94587248295215,92.36725963777984,46.013585831382954,1.0051527951024795,0.4211186815930019,0.8467093480844762,11.0,4.0,665.0,17.0,1.0,2.0,2.0,702.0,0.7580063408143177,7.472852543291363,7,25865.0791177633,2,0.1385033541522091,2.0,6.462305036535018e-05,0,0,chennai,0.9925373134328358,0.8955223880597015,0.3656716417910448,0.9925373134328358,0.9626865671641791,0.8731343283582089,0.6940298507462687,0.40298507462686567,0.8432835820895522,0.9925373134328358
MAA030,Mannadi,phase1,Blue Line,Underground,high,osm,2.007391033949412,91723.73756408691,45693.00948984832,12793281.0,6373088.642739451,999419.0,497869.61438883573,96798.06452941895,20718.43374633789,0.22587864708262706,445,221.68077493326814,114.5336894482101,57.05599333223706,1.0049210812617169,0.5189343278786899,1.0433793741819193,29.0,22.0,851.0,24.0,2.0,1.0,3.0,932.0,0.23712489056726133,8.19434002702627,5,18887.756083826214,1,0.1256939625260236,2.0,6.151599955670812e-05,0,0,chennai,1.0,1.0,0.8917910447761194,1.0,0.9925373134328358,0.9552238805970149,0.43283582089552236,0.5447761194029851,0.7126865671641791,0.9850746268656716
MAA031,Washermanpet,phase1,Blue Line,Underground,high,osm,2.007391033949412,53560.797160714865,26681.79555197946,7470458.0,3721476.221452657,676609.0,337058.8931389295,56523.87950491905,10725.533805698156,0.2002497045276427,461,229.6513196499699,104.26432683745065,51.940217463419344,1.0047202742338552,0.09993597647895126,0.20093320290278122,7.0,10.0,59.0,2.0,0.0,4.0,7.0,89.0,1.7137584870639295,8.903080551362127,2,8131.889987727644,1,0.11265325005783021,2.0,5.698949483329225e-05,0,0,chennai,0.9626865671641791,0.667910447761194,0.6119402985074627,0.9701492537313433,0.5,0.40298507462686567,0.9402985074626866,0.9067164179104478,0.3880597014925373,0.9477611940298507
MAA032,Sir Theagaraya College,phase1,Blue Line,Underground,high,osm,2.007391033949412,61039.65581512451,30407.45663540847,8513581.0,4241117.378735164,920110.0,458361.1187052794,64416.482482910156,14920.814884185791,0.24444461039193288,472,235.1310691427024,106.0500636323075,52.82979839939848,1.004609602228909,0.5779175179616761,1.1619721144379194,6.0,17.0,6.0,1.0,0.0,2.0,2.0,34.0,2.4560604634128076,9.857113377693214,0,0.0,2,0.09938121674762897,2.0,5.43368035736342e-05,0,0,chennai,0.5298507462686567,0.6343283582089553,0.8097014925373134,0.47388059701492535,0.35447761194029853,0.40298507462686567,0.6940298507462687,0.40298507462686567,0.09328358208955224,0.35074626865671643
MAA033,Tondiarpet,phase1,Blue Line,Underground,high,osm,2.007391033949412,62020.34671783447,30895.996678740492,8652877.0,4310508.94103877,865608.0,431210.45444592444,65420.47171974182,15561.189346313477,0.2509045848632563,388,193.28570938001806,96.60663798281159,48.12547049826375,1.0048731457492819,0.44261902900517935,0.8899383615115002,2.0,17.0,2.0,0.0,0.0,1.0,2.0,24.0,3.4130379644212048,10.912294072421368,0,0.0,1,0.08587786259541985,2.0,5.163604641089272e-05,0,0,chennai,0.40298507462686567,0.332089552238806,0.8097014925373134,0.25,0.13059701492537312,0.40298507462686567,0.43283582089552236,0.40298507462686567,0.09328358208955224,0.35074626865671643
MAA034,New Washermanpet,phase1,Blue Line,Elevated,high,osm,2.007391033949412,46366.960775345564,23098.120889840568,6486177.0,3231147.738683911,682604.0,340045.35661246866,48696.93221461028,16179.769470214844,0.3489503991561599,312,155.42562197568463,89.95019978486602,44.809505603845814,1.004669319541581,0.37472243493930646,0.7534241591939868,1.0,4.0,2.0,0.0,0.0,1.0,4.0,12.0,4.555091081970814,12.085785029961551,0,0.0,1,0.07214318760120286,2.0,4.887627550312188e-05,0,0,chennai,0.23134328358208955,0.20522388059701493,0.3656716417910448,0.25,0.13059701492537312,0.40298507462686567,0.43283582089552236,0.6828358208955224,0.09328358208955224,0.35074626865671643
MAA035,Tollgate,phase1,Blue Line,Elevated,high,osm,2.007391033949412,34703.520378023386,17287.87256250042,4866041.0,2424062.336487764,577222.0,287548.36015400203,36306.49643378705,12162.052433013916,0.35045587019799146,310,154.4293038860969,81.18070387628231,40.44090189870208,1.004656990222037,0.4107229982920426,0.8258075866205787,3.0,4.0,1.0,1.0,0.0,1.0,2.0,12.0,5.552227623809412,13.0865666441822,0,0.0,1,0.05817719176497802,2.0,4.6709046318222305e-05,0,0,chennai,0.23134328358208955,0.417910447761194,0.3656716417910448,0.16791044776119404,0.35447761194029853,0.40298507462686567,0.43283582089552236,0.40298507462686567,0.09328358208955224,0.35074626865671643
MAA036,Kaladipet,phase1,Blue Line,Elevated,high,osm,2.007391033949412,43140.06767130457,21490.614903479607,6049338.0,3013532.4397152057,685916.0,341695.25936882594,45128.47861272469,15394.638275146484,0.3568524368677919,315,156.92009911006622,85.34379340306805,42.514782600756995,1.0046982819803887,0.445890771773367,0.8965165906602834,3.0,15.0,1.0,2.0,0.0,1.0,0.0,22.0,6.433021460662438,13.972214499816518,1,0.0,1,0.043979875086745314,2.0,4.4926855735928105e-05,0,0,chennai,0.376865671641791,0.417910447761194,0.753731343283582,0.16791044776119404,0.5,0.40298507462686567,0.43283582089552236,0.12686567164179105,0.2537313432835821,0.35074626865671643
MAA037,Tiruvottriyur Theradi,phase1,Blue Line,Elevated,high,osm,2.007391033949412,45511.51930982806,22671.974986501304,6381876.0,3179189.252152866,741815.0,369541.85181375797,47609.23476521671,14433.957122802734,0.3171495336057869,321,159.90905337882938,92.04162310079859,45.85136704517039,1.0048128275399724,0.5154263707212269,1.0363262078235236,5.0,8.0,0.0,1.0,0.0,2.0,0.0,16.0,7.534940125325051,15.05224345480877,2,0.0,1,0.029551237566504743,2.0,4.2875843006129515e-05,0,0,chennai,0.291044776119403,0.5708955223880597,0.5447761194029851,0.06343283582089553,0.35447761194029853,0.40298507462686567,0.6940298507462687,0.12686567164179105,0.3880597014925373,0.35074626865671643
MAA038,Tiruvottriyur,phase1,Blue Line,Elevated,high,osm,2.007391033949412,33284.769433930516,16581.108947390727,5164953.0,2572968.052885187,624582.0,311141.1725154393,34650.513521227986,10655.093647003174,0.3201191965037728,237,118.06369361614506,74.69864919639608,37.21180773106838,1.0048987578002033,0.31344306186859056,0.6302146691104353,1.0,4.0,0.0,0.0,0.0,3.0,2.0,10.0,8.852287300819476,16.32199271141223,2,0.0,1,0.014891279204256303,2.0,4.063272796976037e-05,0,0,chennai,0.15298507462686567,0.20522388059701493,0.3656716417910448,0.06343283582089553,0.13059701492537312,0.40298507462686567,0.8694029850746269,0.40298507462686567,0.3880597014925373,0.35074626865671643
MAA039,Wimco Nagar,phase1,Blue Line,Elevated,high,osm,2.007391033949412,25060.747873272747,12484.238222369335,5684368.0,2831719.33313679,641065.0,319352.3280507765,25481.291633103043,6142.261682275683,0.24509490751576476,202,100.62812704835991,83.73004265234263,41.71087806824025,1.0043470623372381,0.3217596896311539,0.6469362413866017,1.0,1.0,4.0,3.0,0.0,3.0,3.0,15.0,9.709574773847228,17.158928003745586,0,0.0,1,0.0,1.0,3.927380445471391e-05,0,1,chennai,0.27238805970149255,0.20522388059701493,0.12313432835820895,0.3880597014925373,0.585820895522388,0.40298507462686567,0.8694029850746269,0.5447761194029851,0.09328358208955224,0.35074626865671643
MAA040,Adambakkam,phase2,Red Line,Elevated,low,osm,2.007391033949412,52808.56857299805,26307.066077255815,7375391.0,3674117.7355412394,885791.0,441264.79844699893,55730.036224365234,12834.531120300293,0.24303879970840214,453,225.66604729161904,114.88306011586391,57.23003549031448,1.0048124949169632,0.3381184125283735,0.679827405339252,3.0,5.0,19.0,0.0,1.0,1.0,3.0,32.0,15.744712152698407,3.7211719694707677,1,0.0,0,0.09336687485542447,2.0,6.030096395648801e-05,0,0,chennai,0.5074626865671642,0.417910447761194,0.44029850746268656,0.7835820895522388,0.13059701492537312,0.8731343283582089,0.43283582089552236,0.5447761194029851,0.2537313432835821,0.35074626865671643
MAA041,Alwarpet,phase2,Yellow Line,Underground,high,osm,2.007391033949412,76749.49401855469,38233.45462869535,10704730.0,5332658.071576187,837123.0,417020.3940549713,80995.41819763184,19176.35009765625,0.24985637160057686,290,144.46612299021967,85.55172714110086,42.61836667307583,1.0050948958940955,0.4503988912065744,0.9055807025917201,8.0,29.0,16.0,9.0,1.0,2.0,2.0,67.0,6.825942411907597,2.8076566111435564,10,1791.847703509702,1,0.042852185981956975,2.0,7.277386880264182e-05,0,0,chennai,0.8917910447761194,0.7276119402985075,0.9738805970149254,0.7388059701492538,0.8432835820895522,0.8731343283582089,0.6940298507462687,0.40298507462686567,0.9291044776119403,0.8059701492537313
MAA042,Bharathidasan Road,phase2,Yellow Line,Underground,high,osm,2.007391033949412,78042.76831054688,38877.710914650634,10885111.0,5422516.498235149,883309.0,440028.36769782053,82360.23873901367,17432.002731323242,0.22336474100916076,296,147.45507725898284,81.97134764517321,40.83476824338499,1.0047100266721172,0.4649751510890507,0.9348880120084261,8.0,25.0,17.0,9.0,1.0,2.0,3.0,65.0,7.303592960222808,2.3689240585288642,8,1660.7952579259063,0,0.0566736062919269,2.0,7.578311490693227e-05,0,0,chennai,0.8694029850746269,0.7276119402985075,0.914179104477612,0.753731343283582,0.8432835820895522,0.8731343283582089,0.6940298507462687,0.5447761194029851,0.8880597014925373,0.7985074626865671
MAA043,Boat Club,phase2,Yellow Line,Underground,high,osm,2.007391033949412,73229.86198174953,36480.118095214624,10213825.0,5088109.305691658,700455.0,348937.9937210839,77281.07378697395,19586.9291305542,0.26747188374376135,252,125.53607928805297,76.61598952689799,38.16694815865596,1.004535690598453,0.4250031885186308,0.8545196126735158,9.0,13.0,14.0,6.0,0.0,2.0,8.0,52.0,8.317026333964503,2.0258683400128947,5,0.0,0,0.19355771455008097,3.0,8.194217417193731e-05,1,0,chennai,0.7350746268656716,0.7985074626865671,0.6828358208955224,0.6940298507462687,0.7052238805970149,0.40298507462686567,0.6940298507462687,0.9440298507462687,0.7126865671641791,0.35074626865671643
MAA044,Karayanchavadi,phase2,Yellow Line,Elevated,high,osm,2.007391033949412,34959.796113967896,17415.53863832238,6163911.0,3070608.0159543725,693698.0,345571.9330554118,36482.36412239075,4232.7062702178955,0.12107353991480382,364,181.3298923049654,90.89354404328144,45.279441078529814,1.004716145672519,0.39628769297436967,0.7967836831720495,5.0,4.0,0.0,0.0,1.0,1.0,0.0,11.0,19.82885573381833,8.861558751999022,3,0.0,0,0.015006939625260236,2.0,4.68152785998351e-05,0,0,chennai,0.19029850746268656,0.5708955223880597,0.3656716417910448,0.06343283582089553,0.13059701492537312,0.8731343283582089,0.43283582089552236,0.12686567164179105,0.5,0.35074626865671643
MAA045,Kodambakkam,phase2,Yellow Line,Underground,high,osm,2.007391033949412,79537.39579772949,39622.27311598818,11093576.0,5526365.223508101,881390.0,439072.40049086115,83937.5516204834,18819.723098754883,0.2366147761062617,366,182.32621039455313,103.28653547912333,51.45312185434731,1.0049614410286445,0.44055086597648047,0.8857800730139729,5.0,12.0,15.0,3.0,0.0,2.0,5.0,42.0,7.640119223963,1.1829285250026318,0,0.0,1,0.13329863520703214,2.0,7.553855145409422e-05,0,0,chennai,0.5970149253731343,0.5708955223880597,0.6567164179104478,0.7126865671641791,0.585820895522388,0.40298507462686567,0.6940298507462687,0.7873134328358209,0.09328358208955224,0.35074626865671643
MAA046,Kumananchavadi,phase2,Yellow Line,Elevated,high,osm,2.007391033949412,21539.608627557755,10730.150859137779,6497210.0,3236643.9274251214,690403.0,343930.49900281604,22637.228404283524,5781.180683135986,0.2683976660439201,379,188.8022779768733,95.80213729278222,47.72470120298272,1.0048348412048362,0.3256438882536639,0.6547458860954407,0.0,4.0,5.0,0.0,0.0,2.0,0.0,11.0,19.055462602323985,8.627026954202455,4,0.0,0,0.029782558408512606,2.0,4.8817303030233905e-05,0,0,chennai,0.19029850746268656,0.06343283582089553,0.3656716417910448,0.44029850746268656,0.13059701492537312,0.40298507462686567,0.6940298507462687,0.12686567164179105,0.6119402985074627,0.35074626865671643
MAA047,Kutchery Road,phase2,Yellow Line,Underground,high,osm,2.007391033949412,65620.19251406193,32689.292421994356,9152457.0,4559379.236636886,872636.0,434711.5162127357,69250.42298161983,18758.257247924805,0.28586105174722015,358,178.34093803620223,86.56875548276288,43.12500854028647,1.0048957751813463,0.4644677844700775,0.9338678908930067,17.0,5.0,48.0,7.0,1.0,5.0,3.0,86.0,6.739710084136156,4.332871356206946,2,3578.1809682230623,2,0.014515382835993523,2.0,6.561824654632069e-05,0,0,chennai,0.9552238805970149,0.9925373134328358,0.44029850746268656,0.9477611940298507,0.753731343283582,0.8731343283582089,0.9738805970149254,0.5447761194029851,0.3880597014925373,0.8880597014925373
MAA048,Lighthouse,phase2,Yellow Line,Underground,high,osm,2.007391033949412,23873.29382494092,11892.697247915748,3329757.0,1658748.5665156723,315253.0,157046.13334839905,25225.386263534427,3478.3633337020874,0.14570102304308633,229,114.07842125779416,60.70710110245451,30.241791497403085,1.0051155688074092,0.2646141668957956,0.5320383505635936,5.0,1.0,2.0,0.0,0.0,2.0,12.0,22.0,5.571909939863443,4.997539402168142,0,0.0,1,0.0,1.0,6.056263791581915e-05,0,1,chennai,0.376865671641791,0.5708955223880597,0.12313432835820895,0.25,0.13059701492537312,0.40298507462686567,0.6940298507462687,0.9888059701492538,0.09328358208955224,0.35074626865671643
MAA049,Madhavaram Depot,phase2,Red Line,At-grade,high,osm,2.007391033949412,14752.080395635217,7348.882278611883,2068618.0,1030500.7669233872,327786.0,163289.56065680052,15456.337787192315,4017.2719311714172,0.2723190101621213,277,137.9900554078995,73.52732896003599,36.62830396097552,1.0049474883661027,0.21629869637837007,0.4348943331349354,0.0,0.0,0.0,0.0,0.0,2.0,0.0,2.0,8.66103108427529,10.181126762928878,0,0.0,0,0.014659958362248439,2.0,4.3914421825893416e-05,0,0,chennai,0.04477611940298507,0.06343283582089553,0.04477611940298507,0.06343283582089553,0.13059701492537312,0.40298507462686567,0.6940298507462687,0.12686567164179105,0.09328358208955224,0.35074626865671643
MAA050,Madhavaram Milk Colony,phase2,Purple Line,Underground,high,osm,2.007391033949412,27551.973444491625,13725.264773293771,3858967.0,1922379.3146110314,523689.0,260880.41200905226,28884.337209165096,5789.3388521671295,0.21012428978384387,323,160.9053714684171,90.21112234240407,44.93948653587414,1.0050915501681252,0.1572017828427765,0.3160729383104542,0.0,1.0,1.0,0.0,0.0,2.0,2.0,6.0,7.946930309423548,10.171347294274515,0,0.0,0,0.014978024520009252,2.0,4.581613386257846e-05,0,0,chennai,0.09701492537313433,0.06343283582089553,0.12313432835820895,0.16791044776119404,0.13059701492537312,0.40298507462686567,0.6940298507462687,0.40298507462686567,0.09328358208955224,0.35074626865671643
MAA051,Panagal Park,phase2,Yellow Line,Underground,high,osm,2.007391033949412,93739.1565322876,46697.008677906604,13074384.0,6513122.64470814,897439.0,447067.3550007578,98924.9797744751,25347.294235229492,0.27040241424082845,340,169.37407522991273,104.44185391618471,52.02865418338654,1.005009717088147,0.3596889694370797,0.7231975833349205,13.0,15.0,126.0,9.0,0.0,2.0,10.0,175.0,8.2550528358801,0.10407194458319485,4,7392.3667533836,1,0.13809854267869534,2.0,7.767187696714962e-05,0,0,chennai,0.9850746268656716,0.9291044776119403,0.753731343283582,0.9850746268656716,0.8432835820895522,0.40298507462686567,0.6940298507462687,0.9701492537313433,0.6119402985074627,0.9402985074626866
MAA052,Poonamallee Bypass,phase2,Yellow Line,Elevated,high,osm,2.007391033949412,36993.64723885059,18428.719971946866,2092776.0,1042535.2931275172,336694.0,167727.16142782423,38388.52575897053,8880.026629924774,0.24004193402695917,186,92.65758233165815,68.93522601355849,34.34070634356321,1.0052155527882243,0.2990198954957555,0.6012151724586581,0.0,1.0,2.0,0.0,0.0,1.0,1.0,5.0,22.855184955132394,10.78659861390865,2,2859.8927411834006,0,0.0,1.0,4.0825671404931234e-05,0,1,chennai,0.07835820895522388,0.06343283582089553,0.12313432835820895,0.25,0.13059701492537312,0.40298507462686567,0.43283582089552236,0.29850746268656714,0.3880597014925373,0.8805970149253731
MAA053,Porur Bypass,phase2,Yellow Line,Elevated,high,osm,2.007391033949412,15617.011014348827,7779.755289443218,4710717.0,2346686.2810142026,499916.0,249037.6770371678,16532.234569355845,3083.4426691755652,0.1974412815834294,217,108.10051272026783,121.62406670858411,60.58812889549309,1.0050638542830161,0.28799522653382914,0.5790487602864677,1.0,2.0,1.0,1.0,0.0,2.0,1.0,8.0,16.199646074281237,8.326288495267256,2,0.0,0,0.08657182512144344,2.0,5.8239039111721236e-05,0,0,chennai,0.11940298507462686,0.20522388059701493,0.19402985074626866,0.16791044776119404,0.35447761194029853,0.40298507462686567,0.6940298507462687,0.29850746268656714,0.3880597014925373,0.35074626865671643
MAA054,Porur Junction,phase2,Yellow Line,Elevated,high,osm,2.007391033949412,22708.020829375833,11312.205965520965,6849650.0,3412215.10117227,759236.0,378220.2805331118,23865.180782239884,6710.960807800293,0.29553261634843914,395,196.77282269357508,97.72890245491362,48.68453669569219,1.004457239346583,0.3625323798867487,0.7289145992580056,4.0,3.0,13.0,1.0,0.0,2.0,0.0,23.0,15.54169490449103,7.637247112121549,4,0.0,0,0.10019083969465649,2.0,6.058474536801475e-05,0,0,chennai,0.39552238805970147,0.4925373134328358,0.2798507462686567,0.6753731343283582,0.35447761194029853,0.40298507462686567,0.6940298507462687,0.12686567164179105,0.6119402985074627,0.35074626865671643
MAA055,Royapettah,phase2,Purple Line,Underground,high,osm,2.007391033949412,73324.21510887146,36527.12095889499,10226985.0,5094665.078721144,826431.0,411694.0775480353,77380.64621734619,12989.10224723816,0.17714614780331436,278,138.48821445269334,78.16595021324258,38.93907509363342,1.0049120093388546,0.4410732743381347,0.8868304373475069,16.0,7.0,19.0,8.0,0.0,2.0,3.0,55.0,5.009242063294441,3.5673597764622476,7,0.0,0,0.3892551468887347,3.0,8.571324740060187e-05,1,0,chennai,0.8059701492537313,0.9664179104477612,0.5186567164179104,0.7835820895522388,0.7985074626865671,0.40298507462686567,0.6940298507462687,0.5447761194029851,0.8432835820895522,0.35074626865671643
MAA056,Sholinganallur,phase2,Red LinePurple Line,Elevated,high,osm,2.007391033949412,23006.04018291086,11460.667002008056,7627899.0,3799906.8796240473,614391.0,306064.433689945,23468.95458805561,6893.856969833374,0.29965421754562555,217,108.10051272026783,61.91279379860987,30.842418219234773,1.0053135506956428,0.34550371084165793,0.6946764286516254,3.0,3.0,7.0,7.0,0.0,1.0,8.0,29.0,22.269546307531563,10.059235557867787,3,0.0,0,,0.0,,0,0,chennai,0.47388059701492535,0.417910447761194,0.2798507462686567,0.5,0.753731343283582,0.40298507462686567,0.43283582089552236,0.9440298507462687,0.5,0.35074626865671643
MAA057,Thelliyaragaram,phase2,Yellow Line,Elevated,high,osm,2.007391033949412,14946.824965295382,7445.8960474125815,4508562.0,2245980.9393138997,485236.0,241724.70225959393,15925.341605735943,4560.172649181448,0.30509306556874694,143,71.23674340552212,77.05000304624652,38.383155918882245,1.0050297479321348,0.14782297063808125,0.2972157174965861,1.0,5.0,0.0,0.0,0.0,4.0,1.0,11.0,16.985554643389236,8.678426574872704,4,0.0,0,0.07272148970622253,2.0,5.5619780616744887e-05,0,0,chennai,0.19029850746268656,0.20522388059701493,0.44029850746268656,0.06343283582089553,0.13059701492537312,0.40298507462686567,0.9402985074626866,0.29850746268656714,0.6119402985074627,0.35074626865671643
MAA058,Thirumayilai,phase2,Yellow Line,Underground,high,osm,2.007391033949412,69939.09336090088,34840.791942415046,9754841.0,4859462.274675991,849330.0,423101.42151476996,73808.25365447998,19036.6488571167,0.2721889567381645,331,164.89064382676798,88.39479788295765,44.03466807812059,1.0050092375763464,0.33675273695208036,0.6770815516703435,16.0,20.0,51.0,11.0,1.0,5.0,4.0,108.0,6.643909173843367,3.6898279230333175,13,5561.206959958366,2,0.02879944482997918,2.0,6.853700673720724e-05,0,0,chennai,0.9701492537313433,0.9664179104477612,0.8731343283582089,0.9552238805970149,0.917910447761194,0.8731343283582089,0.9738805970149254,0.6828358208955224,0.9813432835820896,0.9253731343283582
MAA059,Kattupkkam,phase2,Yellow Line,Elevated,high,osm,2.007391033949412,21132.152923107147,10527.173114612853,6374305.0,3175417.690024732,709491.0,353439.3588498412,22209.009388446808,5681.117755889893,0.26883762277140355,358,178.34093803620223,91.00787576188644,45.33639645825972,1.0045159066393854,0.41577518495793864,0.8359656106296304,1.0,0.0,5.0,0.0,0.0,2.0,1.0,9.0,18.474223961899824,8.611139743634086,3,0.0,0,0.04432685634975711,2.0,5.063170574236715e-05,0,0,chennai,0.13059701492537312,0.20522388059701493,0.04477611940298507,0.44029850746268656,0.13059701492537312,0.40298507462686567,0.6940298507462687,0.29850746268656714,0.5,0.35074626865671643
MAA060,Iyyapanthangal,phase2,Yellow Line,Elevated,high,osm,2.007391033949412,19551.47779995203,9739.745505132481,5897510.0,2937897.948262243,678899.0,338199.6773515074,20557.444037020206,5800.806709289551,0.29669402838202763,315,156.92009911006622,78.91498103960554,39.312211574615546,1.0047657448033531,0.3723926879924311,0.7487399250224496,2.0,3.0,1.0,1.0,0.0,4.0,1.0,12.0,17.62871469001743,8.688125327755415,4,0.0,0,0.058639833448993754,2.0,5.351322460786901e-05,0,0,chennai,0.23134328358208955,0.332089552238806,0.2798507462686567,0.16791044776119404,0.35447761194029853,0.40298507462686567,0.9402985074626866,0.29850746268656714,0.6119402985074627,0.35074626865671643
MAA061,Adyar Depot,phase2,Purple Line,Underground,medium,nominatim,2.007391033949412,73344.92837905884,36537.439461786096,10229874.0,5096104.260201554,836310.0,416615.3907515539,77402.50552749634,20904.702087402344,0.2850190537969218,339,168.87591618511888,94.80855040217003,47.229736906635644,1.0050421213732976,0.4311812480925338,0.8669413384788366,9.0,26.0,25.0,3.0,3.0,1.0,4.0,71.0,11.03428621763074,1.3150951250533847,4,0.0,1,0.22715706685172335,3.0,6.399845139319673e-05,1,0,chennai,0.9029850746268657,0.7985074626865671,0.9328358208955224,0.8507462686567164,0.585820895522388,0.9850746268656716,0.43283582089552236,0.6828358208955224,0.6119402985074627,0.35074626865671643
MAA062,Alwarthirunagar,phase2,Yellow Line,Elevated,medium,nominatim,2.007391033949412,62980.25155878067,31374.181957399254,8784248.0,4375952.592912383,896252.0,446476.0402145875,66464.43562936783,14990.86275100708,0.23802481539813827,396,197.27098173836896,95.5426489524521,47.59543473922872,1.0051909732451263,0.4644472551702641,0.9338266142866212,2.0,23.0,9.0,0.0,0.0,1.0,3.0,38.0,12.118790373050778,5.116066345906857,2,0.0,0,0.2044587092297016,4.0,7.386810137205094e-05,1,0,chennai,0.5634328358208955,0.332089552238806,0.9029850746268657,0.5746268656716418,0.13059701492537312,0.40298507462686567,0.43283582089552236,0.5447761194029851,0.3880597014925373,0.35074626865671643
MAA063,Anna Flyover,phase2,Purple Line,Underground,medium,nominatim,2.007391033949412,89881.12268006802,44775.09421930252,12536280.0,6245061.270068384,776456.0,386798.57928446215,94853.51240611076,25590.719172000885,0.2847173956993293,340,169.37407522991273,87.34497777213053,43.51169069450557,1.0047777564164218,0.4164876961950991,0.8373981994733191,16.0,13.0,52.0,30.0,1.0,0.0,4.0,116.0,5.910317569969442,2.289255279422932,12,565.3356493439327,0,0.22678117048346055,2.0,8.180594393453681e-05,0,0,chennai,0.9776119402985075,0.9664179104477612,0.6828358208955224,0.9626865671641791,1.0,0.8731343283582089,0.15298507462686567,0.6828358208955224,0.9701492537313433,0.7313432835820896
MAA064,Anna Nagar KV,phase2,Red Line,Elevated,medium,nominatim,2.007391033949412,63693.233253479004,31729.360237385685,8883692.0,4425491.520962864,816355.0,406674.6270126924,67216.8610458374,16809.810607910156,0.2639183120287269,411,204.74336741027687,114.12191348946723,56.85086341396064,1.0053734789749558,0.49421168599845106,0.9936715533126141,4.0,10.0,15.0,13.0,3.0,2.0,9.0,56.0,9.618082576099166,5.5870048888666926,6,0.0,0,0.1922565348137867,3.0,7.502507164232717e-05,1,0,chennai,0.832089552238806,0.4925373134328358,0.6119402985074627,0.7126865671641791,0.9402985074626866,0.9850746268656716,0.6940298507462687,0.9626865671641791,0.7835820895522388,0.35074626865671643
MAA065,Anna Nagar West,phase2,Red Line,Elevated,medium,nominatim,2.007391033949412,64866.558670043945,32313.862906134033,9047343.0,4507015.746802425,853234.0,425046.2344256452,68455.09721946716,16305.373504638672,0.2513679442681559,440,219.18997970929883,109.4632684005501,54.53011722643207,1.0053656929586268,0.5013938110837814,1.0081120726119657,1.0,5.0,4.0,5.0,3.0,3.0,8.0,29.0,9.626649276746708,5.252749572616222,8,0.0,1,0.11080268332176729,2.0,7.195815687992914e-05,0,0,chennai,0.47388059701492535,0.20522388059701493,0.44029850746268656,0.3880597014925373,0.6753731343283582,0.9850746268656716,0.8694029850746269,0.9440298507462687,0.8880597014925373,0.35074626865671643
MAA066,Assisi Nagar,phase2,Red Line,Elevated,medium,nominatim,2.007391033949412,20086.930006366223,10006.485864812541,2816700.0,1403164.5814708683,446912.0,222633.255026914,21037.081069808453,4386.441538333893,0.21837291895494643,270,134.50294209434247,78.90313631142982,39.306311016141684,1.004995606805701,0.3912419323334974,0.7866385794529218,0.0,0.0,0.0,0.0,0.0,0.0,0.0,0.0,9.7083918691036,9.75313311219334,0,0.0,0,0.0,1.0,4.193772234909599e-05,0,1,chennai,0.007462686567164179,0.06343283582089553,0.04477611940298507,0.06343283582089553,0.13059701492537312,0.40298507462686567,0.15298507462686567,0.12686567164179105,0.09328358208955224,0.35074626865671643
MAA067,Ayanavaram,phase2,Purple Line,Underground,medium,nominatim,2.007391033949412,56106.00499463081,27949.71385532488,7825454.0,3898320.6897182986,763698.0,380443.06619098206,59209.893107533455,13181.350110054016,0.2349365297228957,325,161.90168955800482,88.14045288611376,43.90796381744474,1.004993136581205,0.44526893016668506,0.8952663039254044,1.0,7.0,0.0,0.0,0.0,2.0,0.0,10.0,4.864663038998404,6.235621432664077,3,0.0,0,0.08292852185981957,2.0,6.126612698954863e-05,0,0,chennai,0.15298507462686567,0.20522388059701493,0.5186567164179104,0.06343283582089553,0.13059701492537312,0.40298507462686567,0.6940298507462687,0.12686567164179105,0.5,0.35074626865671643
MAA068,Butt Road,phase2,Red Line,Elevated,medium,nominatim,2.007391033949412,46710.16737563163,23269.09236200602,6514958.0,3245485.254152123,586566.0,292203.1582685559,49294.2601861842,11992.55252456665,0.2567439424510194,313,155.9237810204785,85.39476446036615,42.54017429397275,1.0052425856495941,0.3363277639758763,0.6762270928031328,8.0,8.0,4.0,6.0,1.0,1.0,0.0,28.0,13.464997491195646,2.39397772278098,7,409.23485039032715,0,0.14972241498959057,3.0,7.07128019552729e-05,1,0,chennai,0.44776119402985076,0.7276119402985075,0.5447761194029851,0.3880597014925373,0.7052238805970149,0.8731343283582089,0.43283582089552236,0.12686567164179105,0.8432835820895522,0.7238805970149254
MAA069,Chennai Trade Centre,phase2,Red Line,Elevated,medium,nominatim,2.007391033949412,15509.695708934218,7726.295199406115,2335173.0,1163287.5511084148,321084.0,159950.89873859205,16363.094093598425,5685.040462657809,0.36654751771712674,143,71.23674340552212,53.589864609093944,26.696275764298576,1.005122484524714,0.21994952614520755,0.44223476191893774,1.0,5.0,3.0,2.0,0.0,0.0,1.0,12.0,13.555242570493432,3.3907182231109365,4,1423.199068563704,0,0.0796321998612075,2.0,6.846164229056169e-05,0,0,chennai,0.23134328358208955,0.20522388059701493,0.44029850746268656,0.3208955223880597,0.5,0.40298507462686567,0.15298507462686567,0.29850746268656714,0.6119402985074627,0.7835820895522388
MAA070,Chetpet,phase2,Purple Line,Underground,medium,nominatim,2.007391033949412,78222.35447120667,38967.173384903115,10910159.0,5434994.385989145,686825.0,342148.08594054356,82549.75992584229,21959.59143257141,0.28073293857006887,283,140.97900967666266,78.57169890634059,39.14120247501348,1.004994658808442,0.3483648071748103,0.7004290041533496,5.0,18.0,13.0,3.0,0.0,2.0,5.0,46.0,5.5233469446684085,3.3647084474303375,5,2069.286757232082,1,0.21874277122368727,2.0,7.997765019957422e-05,0,0,chennai,0.6380597014925373,0.5708955223880597,0.832089552238806,0.6753731343283582,0.585820895522388,0.40298507462686567,0.6940298507462687,0.7873134328358209,0.7126865671641791,0.8432835820895522
MAA071,Classical Tamil Institute,phase2,Red Line,Elevated,medium,nominatim,2.007391033949412,3916.3027620436624,1950.9416430632302,1656823.0,825361.3630724992,225263.0,112216.8009073995,4332.282937366515,574.4232871383429,0.14667489263230224,103,51.31038161376768,29.025036651631115,14.459084533483361,1.0045277766008671,0.17845911411899004,0.35881333880471145,2.0,2.0,0.0,1.0,0.0,0.0,0.0,5.0,22.52777741848233,10.276771274514735,0,0.0,0,0.0306500115660421,2.0,4.429706602015861e-05,0,0,chennai,0.07835820895522388,0.332089552238806,0.19402985074626866,0.06343283582089553,0.35447761194029853,0.40298507462686567,0.15298507462686567,0.12686567164179105,0.09328358208955224,0.35074626865671643
MAA072,Dr. Radhakrishnan Salai,phase2,Purple Line,Underground,medium,nominatim,2.007391033949412,83527.61651611328,41610.03765757492,11650117.0,5803611.156456721,867496.0,432150.97872249526,88148.51901245117,22193.7674407959,0.26570574339942415,297,147.95323630377672,89.38095400266785,44.52593066873304,1.005109446413562,0.45985857781645123,0.9246005310453846,16.0,20.0,13.0,0.0,0.0,1.0,3.0,53.0,5.860339437475066,3.566208208230273,18,0.0,1,0.24976867915799214,2.0,8.097440697793836e-05,0,0,chennai,0.75,0.9664179104477612,0.8731343283582089,0.6753731343283582,0.13059701492537312,0.40298507462686567,0.43283582089552236,0.5447761194029851,1.0,0.35074626865671643
MAA073,Elcot,phase2,Red Line,Elevated,low,nominatim,2.007391033949412,8899.176501827314,4433.205265602268,4314812.0,2149462.624385089,330409.0,164596.2318312948,9347.256131906062,1153.6478102849796,0.12963534435440122,61,30.38770173242552,23.730868602267783,11.821746835034347,1.0040449415388073,0.021770864439613315,0.043772920182904615,4.0,1.0,0.0,3.0,0.0,0.0,7.0,15.0,22.512701720912116,10.25718187362457,1,0.0,0,0.02897293546148508,2.0,4.4222227686204334e-05,0,0,chennai,0.27238805970149255,0.4925373134328358,0.12313432835820895,0.06343283582089553,0.585820895522388,0.40298507462686567,0.15298507462686567,0.9067164179104478,0.2537313432835821,0.35074626865671643
MAA074,Gandhi Nagar,phase2,Purple Line,Elevated,low,nominatim,2.007391033949412,63164.469371795654,31465.95172716481,8809942.0,4388752.291409317,902815.0,449745.4580255696,66658.84487915039,15252.061283111572,0.2414658341121434,419,208.72863976862774,101.46543951862489,50.54592643018745,1.0051500085935319,0.2764263779814271,0.5557882101279275,2.0,31.0,11.0,0.0,0.0,1.0,1.0,46.0,12.316204675410493,5.0768876145735735,1,0.0,0,0.024577839463335648,3.0,7.147825243349935e-05,1,0,chennai,0.6380597014925373,0.332089552238806,0.9850746268656716,0.6231343283582089,0.13059701492537312,0.40298507462686567,0.43283582089552236,0.29850746268656714,0.2537313432835821,0.35074626865671643
MAA075,Greenways Road,phase2,Purple Line,Underground,medium,nominatim,2.007391033949412,33260.42019806616,16568.97915531108,4639038.0,2310978.738842423,423282.0,210861.75679843506,35206.89153563231,9692.741211280227,0.29141968602801316,188,93.65390042124587,53.36342359181409,26.583472123428294,1.004327963295364,0.21989330801768905,0.44212172866683486,5.0,8.0,2.0,1.0,1.0,0.0,2.0,19.0,8.827539094936348,3.4387719720027263,10,0.0,1,0.2313786722183669,2.0,7.031246606312019e-05,0,0,chennai,0.33955223880597013,0.5708955223880597,0.5447761194029851,0.25,0.35447761194029853,0.8731343283582089,0.15298507462686567,0.40298507462686567,0.9291044776119403,0.35074626865671643
MAA076,Indira Nagar,phase2,Purple Line,Underground,medium,nominatim,2.007391033949412,75104.41800308228,37413.94513221432,10475281.0,5218355.976907281,676827.0,337167.49181069457,79259.33338928223,14661.996618270874,0.1952214930640851,230,114.57658030258803,70.76695787506527,35.253200138009916,1.0050180941265316,0.3691378811396977,0.742195747552113,9.0,11.0,9.0,4.0,0.0,2.0,6.0,41.0,11.67311345174369,0.5883149575943946,3,0.0,2,0.17187138561184362,2.0,6.165696590471406e-05,0,0,chennai,0.585820895522388,0.7985074626865671,0.6305970149253731,0.5746268656716418,0.6455223880597015,0.40298507462686567,0.6940298507462687,0.8619402985074627,0.5,0.35074626865671643
MAA077,Kandanchavadi,phase2,Purple Line,Elevated,low,nominatim,2.007391033949412,31973.362337619066,15927.819640956324,13101405.0,6526583.400257515,866524.0,431666.7681309556,33228.1004255712,8962.11094725132,0.2802992957893178,340,169.37407522991273,96.82023134466984,48.23187396338137,1.0047410110347057,0.42512195155146704,0.8547583999192606,2.0,3.0,9.0,10.0,0.0,0.0,5.0,29.0,14.701791300165393,2.5623105075157047,4,0.0,0,0.10941475826972011,2.0,5.299464693184939e-05,0,0,chennai,0.47388059701492535,0.332089552238806,0.2798507462686567,0.5746268656716418,0.8880597014925373,0.40298507462686567,0.15298507462686567,0.7873134328358209,0.6119402985074627,0.35074626865671643
MAA078,Karambakkam,phase2,Yellow Line,Elevated,medium,nominatim,2.007391033949412,25975.538229916245,12939.949312621495,7742135.0,3856814.576265119,840579.0,418742.03171377885,27301.71095495671,6330.7527985312045,0.2437197929257929,418,208.2304807238339,99.58612813927047,49.60973046857802,1.0047420051615954,0.41841579571611287,0.8412748735793074,4.0,5.0,11.0,1.0,0.0,0.0,1.0,22.0,14.657553499542466,7.003863777334325,1,0.0,0,0.11357853342586167,2.0,6.362978833999066e-05,0,0,chennai,0.376865671641791,0.4925373134328358,0.44029850746268656,0.6231343283582089,0.35447761194029853,0.40298507462686567,0.15298507462686567,0.29850746268656714,0.2537313432835821,0.35074626865671643
MAA079,Karapakkam,phase2,Purple Line,Elevated,medium,nominatim,2.007391033949412,26381.969398299232,13142.416675237617,9701876.0,4833077.280868485,646946.0,322282.0013932092,27229.54673910141,9224.556285500526,0.3496538164468952,240,119.55817075052664,61.72359835986481,30.74816880019018,1.0052803044211518,0.35319580668505407,0.7101423049987114,0.0,3.0,1.0,9.0,0.0,0.0,12.0,25.0,21.119286893634097,8.89503432907291,2,10029.984392122169,0,0.04476058292852186,2.0,4.0608343163675544e-05,0,0,chennai,0.4141791044776119,0.06343283582089553,0.2798507462686567,0.16791044776119404,0.8432835820895522,0.40298507462686567,0.15298507462686567,0.9888059701492538,0.3880597014925373,0.9701492537313433
MAA080,Kellys,phase2,Purple Line,Underground,medium,nominatim,2.007391033949412,84537.49512332678,42113.11781990215,11790971.0,5873778.850552116,762119.0,379656.47305925254,89214.26556003094,18946.131755828857,0.2241151305487519,225,112.08578507861873,75.96924567515875,37.84476685924724,1.0051911161107017,0.3826001934737844,0.7692633325307358,8.0,34.0,9.0,2.0,0.0,1.0,0.0,54.0,4.8854254423304075,4.635602080962293,2,0.0,1,0.2691128845708998,3.0,7.88647185130389e-05,1,0,chennai,0.7723880597014925,0.7276119402985075,0.9925373134328358,0.5746268656716418,0.5,0.40298507462686567,0.43283582089552236,0.12686567164179105,0.3880597014925373,0.35074626865671643
MAA081,Kovilambakkam,phase2,Red Line,Elevated,medium,nominatim,2.007391033949412,39441.902276575565,19648.340362951694,6036629.0,3007201.33641492,765567.0,381374.12544570176,41538.455614864826,10296.017585754395,0.2610426219698123,390,194.2820274696058,95.66575457513748,47.656760918634426,1.004965474354275,0.5876814255980601,1.181603615558427,0.0,15.0,1.0,1.0,0.0,0.0,0.0,17.0,20.48807633055069,8.492138616062055,1,0.0,0,0.04600393245431413,2.0,4.933280326413425e-05,0,0,chennai,0.30970149253731344,0.06343283582089553,0.753731343283582,0.16791044776119404,0.35447761194029853,0.40298507462686567,0.15298507462686567,0.12686567164179105,0.2537313432835821,0.35074626865671643
MAA082,Koyambedu Market,phase2,Red Line,Elevated,medium,nominatim,2.007391033949412,48564.318452864885,24192.75449154405,6773568.0,3374314.1647262634,660175.0,328872.1473967872,51292.00362238288,7879.12039116025,0.16224093412960164,259,129.02319260161,78.66654812525222,39.18845247130594,1.0045536527052883,0.17803191932824594,0.3579544127143092,0.0,2.0,16.0,9.0,0.0,12.0,0.0,39.0,9.943931946184081,4.751091306177511,3,0.0,0,0.1017233402729586,2.0,7.201576083811259e-05,0,0,chennai,0.5746268656716418,0.06343283582089553,0.19402985074626866,0.7388059701492538,0.8432835820895522,0.40298507462686567,1.0,0.12686567164179105,0.5,0.35074626865671643
MAA083,Madhavaram Bus Terminus,phase2,Red Line,Elevated,medium,nominatim,2.007391033949412,29485.055965840816,14688.247315636794,4134557.0,2059666.9657657715,494630.0,246404.40832638746,30846.474963888526,9583.955213546753,0.325044497953472,93,46.328791165829074,49.23886587247754,24.528786389766452,1.0046857818089157,0.1837750288689791,0.3695016195891436,0.0,1.0,1.0,0.0,0.0,3.0,0.0,5.0,9.24566258371535,8.016348900723102,4,1507.452726355049,0,0.02908859588248901,2.0,4.8415889737530386e-05,0,0,chennai,0.07835820895522388,0.06343283582089553,0.12313432835820895,0.16791044776119404,0.13059701492537312,0.40298507462686567,0.8694029850746269,0.12686567164179105,0.6119402985074627,0.7910447761194029
MAA084,Madhavaram High Road,phase2,Purple Line,Underground,medium,nominatim,2.007391033949412,47486.120570898056,23655.640464564687,6623185.0,3299399.513093028,725705.0,361516.5096021289,50113.140506744385,11316.8459918499,0.23831902576571914,271,135.00110113913632,78.55459130802751,39.13268017017912,1.0049537068946115,0.23373349536521817,0.46994907643982936,2.0,5.0,0.0,0.0,0.0,0.0,0.0,7.0,6.057508821665252,9.276165261749737,1,0.0,0,0.044240111034004166,2.0,5.2086071420906355e-05,0,0,chennai,0.10820895522388059,0.332089552238806,0.44029850746268656,0.06343283582089553,0.13059701492537312,0.40298507462686567,0.15298507462686567,0.12686567164179105,0.2537313432835821,0.35074626865671643
MAA085,Madipakkam,phase2,Red Line,Elevated,medium,nominatim,2.007391033949412,61982.62594139576,30877.2057327809,6822816.0,3398847.5013642716,784935.0,391022.4698252693,65258.035593390465,19137.55097579956,0.3087566989158222,374,186.311482752904,98.66642281829787,49.15157094439048,1.0049295681682904,0.48103346837856054,0.9671751746488985,9.0,9.0,33.0,2.0,0.0,0.0,1.0,54.0,17.813460925004485,5.770275959419503,7,0.0,0,0.05569049271339348,2.0,5.433033122034656e-05,0,0,chennai,0.7723880597014925,0.7985074626865671,0.582089552238806,0.8992537313432836,0.5,0.40298507462686567,0.15298507462686567,0.29850746268656714,0.8432835820895522,0.35074626865671643
MAA086,Manapakkam,phase2,Red Line,Elevated,medium,nominatim,2.007391033949412,63975.00895142555,31869.72934992086,10295682.0,5128887.110621348,679394.0,338446.2660786804,67477.28736317158,18358.7147064209,0.2869669736249691,176,87.67599188371953,54.31400563528678,27.057013166202847,1.0048371690074935,0.10090553979494613,0.20288262561684178,3.0,6.0,31.0,6.0,0.0,0.0,4.0,50.0,14.052894575650491,4.824098341745844,7,1853.1967393251005,0,0.07567083044182281,2.0,6.709966721205064e-05,0,0,chennai,0.7014925373134329,0.417910447761194,0.4962686567164179,0.8843283582089553,0.7052238805970149,0.40298507462686567,0.15298507462686567,0.6828358208955224,0.8432835820895522,0.8134328358208955
MAA087,Mandaveli,phase2,Purple Line,Underground,medium,nominatim,2.007391033949412,59257.50260043889,29519.66089230437,8265013.0,4117290.9812888433,697188.0,347310.50812174234,62535.737266503274,14317.601072728634,0.24161668049477653,354,176.3483018570268,90.82750576168517,45.24654351124999,1.0040237169262887,0.4979287492817445,1.0011451524829968,8.0,17.0,2.0,0.0,0.0,2.0,4.0,33.0,8.037000962227125,3.8404927105551,8,0.0,1,0.24063150589868146,2.0,7.285208175525282e-05,0,0,chennai,0.5223880597014925,0.7276119402985075,0.8097014925373134,0.25,0.13059701492537312,0.40298507462686567,0.6940298507462687,0.6828358208955224,0.8880597014925373,0.35074626865671643
MAA088,Medavakkam I,phase2,Red Line,Elevated,medium,nominatim,2.007391033949412,21049.526925116777,10486.012226378833,5945642.0,2961875.339406261,690988.0,344221.92204402044,22275.58372861147,6088.344798088074,0.28923903229498815,313,155.9237810204785,88.71654456233017,44.1949490965824,1.004913173964033,0.47989039409872064,0.9648768874424649,4.0,19.0,25.0,4.0,0.0,2.0,1.0,55.0,22.128998719377744,10.228185946172408,4,0.0,0,0.03666435345824659,2.0,4.6171069333828916e-05,0,0,chennai,0.8059701492537313,0.4925373134328358,0.8507462686567164,0.8507462686567164,0.6455223880597015,0.40298507462686567,0.6940298507462687,0.29850746268656714,0.6119402985074627,0.35074626865671643
MAA089,Medavakkam II,phase2,Red Line,Elevated,low,nominatim,2.007391033949412,7629.231358787976,3800.5706062051886,3915918.0,1950749.9703710866,307442.0,153155.0130495142,8008.275772128254,1136.9223371194676,0.1490218717525019,58,28.893224598043936,22.626085943402906,11.271389360989396,1.002947813088963,0.021770864439613315,0.043772920182904615,5.0,1.0,0.0,2.0,0.0,0.0,6.0,14.0,22.526389162999344,10.26988308637835,1,0.0,0,0.029869303724265557,2.0,4.422882047838466e-05,0,0,chennai,0.2574626865671642,0.5708955223880597,0.12313432835820895,0.06343283582089553,0.5,0.40298507462686567,0.15298507462686567,0.8619402985074627,0.2537313432835821,0.35074626865671643
MAA090,Mettukuppam,phase2,Purple Line,Elevated,low,nominatim,2.007391033949412,38817.91954994202,19337.49772388406,7519480.0,3745896.9741465417,872636.0,434711.5162127357,40908.747287750244,10093.372480392456,0.2600183780433316,504,251.07215857610595,109.65893693352601,54.62759127591556,1.0052749454424137,0.2562906562064679,0.515302939342046,1.0,1.0,0.0,0.0,0.0,0.0,0.0,2.0,12.80860104343063,6.458027232707416,0,0.0,0,0.0,1.0,6.104461415967655e-05,0,1,chennai,0.04477611940298507,0.20522388059701493,0.12313432835820895,0.06343283582089553,0.13059701492537312,0.40298507462686567,0.15298507462686567,0.12686567164179105,0.09328358208955224,0.35074626865671643
MAA091,Moolakadai,phase2,Purple Line,Underground,medium,nominatim,2.007391033949412,46891.46003365517,23359.404939355165,6540244.0,3258081.7037587804,708040.0,352716.5300758453,49485.58224916458,13594.194744110107,0.2899076875480784,267,133.0084649599609,72.19676195334236,35.9654699718868,1.0045631042275827,0.4048824133391678,0.8140643938009828,2.0,3.0,0.0,0.0,0.0,0.0,0.0,5.0,6.344666774262287,9.519960857203895,1,0.0,0,0.02972472819801064,2.0,5.101936661370059e-05,0,0,chennai,0.07835820895522388,0.332089552238806,0.2798507462686567,0.06343283582089553,0.13059701492537312,0.40298507462686567,0.15298507462686567,0.12686567164179105,0.2537313432835821,0.35074626865671643
MAA092,Mugalivakkam,phase2,Red Line,Elevated,medium,nominatim,2.007391033949412,52186.59301145002,25997.223325629926,9756162.0,4860120.342774165,732173.0,364738.6023038556,55006.98870161548,7878.258695691824,0.150963269320212,330,164.39248478197413,74.50935447565317,37.117508853798576,1.004829970774669,0.2659001507849068,0.5346239745883401,3.0,3.0,12.0,3.0,0.0,0.0,4.0,25.0,14.470766997983494,5.700292665999244,2,188.88783847606305,0,0.07711658570437196,2.0,6.728426920156099e-05,0,0,chennai,0.4141791044776119,0.417910447761194,0.2798507462686567,0.6455223880597015,0.585820895522388,0.40298507462686567,0.15298507462686567,0.6828358208955224,0.3880597014925373,0.7164179104477612
MAA093,Natesan Nagar,phase2,Red Line,Elevated,medium,nominatim,2.007391033949412,68442.80254745483,34095.401140054935,9546144.0,4755497.976504647,894603.0,445654.57594972244,72229.1849822998,17511.643478393555,0.2558580716540918,391,194.78018651439965,94.50995825002245,47.08099052533887,1.0051310509033078,0.45170277326823377,0.9082023130275964,5.0,28.0,9.0,1.0,0.0,1.0,6.0,50.0,11.537836013244085,4.576166546890659,5,0.0,0,0.1501850566736063,3.0,7.351972008077346e-05,1,0,chennai,0.7014925373134329,0.5708955223880597,0.9626865671641791,0.5746268656716418,0.35447761194029853,0.40298507462686567,0.43283582089552236,0.8619402985074627,0.7126865671641791,0.35074626865671643
MAA094,Nehru Nagar,phase2,Purple Line,Elevated,low,nominatim,2.007391033949412,12540.888954151422,6247.357262265955,3192045.0,1590146.08813902,419992.0,209222.81354106325,12640.30833141692,4320.813576459885,0.3445380620350332,127,63.266198688820346,43.95055823509398,21.894368108551376,1.004453766739735,0.17210507949252515,0.3460377941626908,1.0,0.0,0.0,0.0,0.0,3.0,0.0,4.0,13.93825764434465,21.023457544854292,2,0.0,1,0.0,1.0,3.0420121139974195e-05,0,1,chennai,0.05970149253731343,0.20522388059701493,0.04477611940298507,0.06343283582089553,0.13059701492537312,0.40298507462686567,0.8694029850746269,0.12686567164179105,0.3880597014925373,0.35074626865671643
MAA095,Nungambakkam,phase2,Purple Line,Underground,low,nominatim,2.007391033949412,82056.92906713486,40877.40140280151,11444991.0,5701425.784234336,735880.0,366585.27788290643,86596.47019147873,19190.804280757904,0.2338718314093494,289,143.96796394542582,81.40265394877628,40.55146833480761,1.0049038713855296,0.36475139085756736,0.7333761855390675,3.0,22.0,39.0,13.0,0.0,0.0,3.0,80.0,5.787281841954785,2.643250608780958,3,0.0,0,0.2248149433263937,2.0,8.055873730964485e-05,0,0,chennai,0.9328358208955224,0.417910447761194,0.8917910447761194,0.9328358208955224,0.9402985074626866,0.40298507462686567,0.15298507462686567,0.5447761194029851,0.5,0.35074626865671643
MAA096,Okkiyam Thoraipakkam,phase2,Purple Line,Elevated,medium,nominatim,2.007391033949412,23776.669021660462,11844.562728210161,6850732.0,3412754.109258737,600395.0,299092.1996990102,25098.722555696964,8188.357998371124,0.34438625490019475,331,164.89064382676798,82.30316352002922,41.0000653226507,1.0046499384603256,0.269009012641486,0.5408747122329192,1.0,9.0,3.0,2.0,0.0,0.0,3.0,18.0,18.78387881228593,6.541607360137036,0,0.0,0,0.08281286143881564,2.0,4.448108333471044e-05,0,0,chennai,0.3246268656716418,0.20522388059701493,0.582089552238806,0.3208955223880597,0.5,0.40298507462686567,0.15298507462686567,0.5447761194029851,0.09328358208955224,0.35074626865671643
MAA097,Otteri,phase2,Purple Line,Underground,medium,nominatim,2.007391033949412,56496.87447524071,28144.429022424578,7879971.0,3925478.8263633256,825718.0,411338.8901490973,59622.38629567623,13002.523895263672,0.23014589773389893,368,183.32252848414083,90.03285777174241,44.85068242763275,1.0049117759980728,0.26060235630182815,0.5239721267622484,3.0,3.0,2.0,1.0,0.0,2.0,3.0,14.0,4.224801630093857,6.3539976699696075,4,0.0,0,0.0965764515382836,2.0,6.351734469924611e-05,0,0,chennai,0.2574626865671642,0.417910447761194,0.2798507462686567,0.25,0.35447761194029853,0.40298507462686567,0.6940298507462687,0.5447761194029851,0.6119402985074627,0.35074626865671643
MAA098,PTC Colony,phase2,Purple Line,Elevated,medium,nominatim,2.007391033949412,41959.65168234706,20902.580001961134,8544085.0,4256313.222237556,735273.0,366282.89534271654,43635.00815255195,11095.675659179688,0.26443679140091086,266,132.51030591516704,82.38774877425988,41.04220223210189,1.0049648825959672,0.14614188120842403,0.2938356866471534,9.0,14.0,5.0,11.0,0.0,0.0,6.0,45.0,13.291661796246231,1.3282365650875179,2,0.0,0,0.1350913717325931,2.0,5.657235004032947e-05,0,0,chennai,0.6268656716417911,0.7985074626865671,0.7126865671641791,0.44029850746268656,0.917910447761194,0.40298507462686567,0.15298507462686567,0.8619402985074627,0.3880597014925373,0.35074626865671643
MAA099,Pattalam,phase2,Purple Line,Underground,medium,nominatim,2.007391033949412,61872.29955613613,30822.245646084404,8629715.0,4298970.581243254,893954.0,445331.2707296512,65295.18946433067,14391.878996491432,0.23260617594201136,490,244.09793194899189,104.79527407328408,52.20471363125806,1.0049078570306926,0.43780421835731353,0.8802576103052531,5.0,8.0,8.0,0.0,0.0,0.0,7.0,28.0,3.0935770977419854,6.659781045592353,0,0.0,0,0.10999306037473977,2.0,6.784149288163308e-05,0,0,chennai,0.44776119402985076,0.5708955223880597,0.5447761194029851,0.5223880597014925,0.13059701492537312,0.40298507462686567,0.15298507462686567,0.9067164179104478,0.09328358208955224,0.35074626865671643
MAA100,Perambur,phase2,Purple Line,Underground,low,nominatim,2.007391033949412,55705.32040596008,27750.109203369047,7769568.0,3870480.573340949,889460.0,443092.5439823476,58787.04163360596,13968.27991104126,0.2507530664799255,393,195.77650460398738,100.07637177379178,49.85394976926742,1.0051396419724055,0.47713525132175344,0.9593373442055297,11.0,14.0,3.0,1.0,0.0,4.0,4.0,37.0,5.169277904192475,7.845966759518859,3,0.0,2,0.0876705991209808,2.0,5.61688406136459e-05,0,0,chennai,0.5447761194029851,0.8955223880597015,0.7126865671641791,0.3208955223880597,0.35447761194029853,0.40298507462686567,0.9402985074626866,0.6828358208955224,0.5,0.35074626865671643
MAA101,Perambur Barracks Road,phase2,Purple Line,Underground,medium,nominatim,2.007391033949412,64076.03701651096,31920.05739432118,8937084.0,4452089.228682498,901910.0,449294.62409003114,67620.84185761213,14891.591361999512,0.23240499967503112,486,242.10529576981645,110.44031877218474,55.016843706281065,1.0048764365054272,0.5808109198344812,1.1677896440811113,10.0,12.0,9.0,0.0,0.0,0.0,7.0,38.0,3.101233878210548,6.296238508986082,0,0.0,0,0.12317834836918806,2.0,6.943749342033418e-05,0,0,chennai,0.5634328358208955,0.8507462686567164,0.6567164179104478,0.5746268656716418,0.13059701492537312,0.40298507462686567,0.15298507462686567,0.9067164179104478,0.09328358208955224,0.35074626865671643
MAA102,Perumbakkam,phase2,Red Line,Elevated,medium,nominatim,2.007391033949412,22354.21947960183,11135.956623070768,6383303.0,3179900.125109787,772217.0,384686.88309358095,23569.41252456978,6096.143665313721,0.2727066212656826,368,183.32252848414083,90.86308093024374,45.264265603237504,1.0050524953589162,0.5434919745330871,1.0927554524660206,1.0,3.0,6.0,0.0,0.0,0.0,1.0,11.0,22.702739378433,10.540295832311005,1,26.58611657196224,0,0.03154637982882258,2.0,4.445611427421766e-05,0,0,chennai,0.19029850746268656,0.20522388059701493,0.2798507462686567,0.47388059701492535,0.13059701492537312,0.40298507462686567,0.15298507462686567,0.29850746268656714,0.2537313432835821,0.7014925373134329
MAA103,Perungudi,phase2,Purple Line,Elevated,low,nominatim,2.007391033949412,33687.83004581928,16781.897236803263,13537011.0,6743584.469123989,865668.0,431240.34398861206,35041.259424328804,12105.09798002243,0.35933148450221103,339,168.87591618511888,95.74374118867162,47.6956106555393,1.0047868235568567,0.3310588510469803,0.6656333147872453,2.0,3.0,9.0,10.0,0.0,0.0,4.0,28.0,14.455361742290796,2.334704352019441,4,0.0,0,0.12236872542216054,2.0,5.3597544574673315e-05,0,0,chennai,0.44776119402985076,0.332089552238806,0.2798507462686567,0.5746268656716418,0.8880597014925373,0.40298507462686567,0.15298507462686567,0.6828358208955224,0.6119402985074627,0.35074626865671643
MAA104,Poonamallee,phase2,Yellow Line,Elevated,medium,nominatim,2.007391033949412,67868.98440551758,33809.54844258208,9466110.0,4715628.3155136155,923674.0,460136.55754092475,71623.62215423584,18426.423080444336,0.27149990885890307,421,209.72495785821548,105.13890315915805,52.37589556844043,1.0049369761719673,0.46158685630795315,0.9280754411332308,8.0,8.0,7.0,1.0,0.0,2.0,5.0,31.0,8.106489376117056,1.6365927066071155,0,0.0,1,0.1303203793661809,2.0,7.513628017945935e-05,0,0,chennai,0.4925373134328358,0.7276119402985075,0.5447761194029851,0.5,0.35447761194029853,0.40298507462686567,0.6940298507462687,0.7873134328358209,0.09328358208955224,0.35074626865671643
MAA105,Ramapuram,phase2,Red Line,Elevated,medium,nominatim,2.007391033949412,63900.66277131438,31832.693127852606,10854010.0,5407023.2537830155,773343.0,385247.8101780188,67383.52526526153,18654.889025852084,0.29193576743661637,272,135.49926018393018,68.1916853895331,33.970304856533296,1.004862649989415,0.11048521191269686,0.22214369924815358,4.0,2.0,12.0,4.0,0.0,0.0,4.0,26.0,14.276977688126465,5.313075222056551,6,637.1928266806369,0,0.07650936849410132,2.0,6.721761508104785e-05,0,0,chennai,0.4253731343283582,0.4925373134328358,0.19402985074626866,0.6455223880597015,0.6455223880597015,0.40298507462686567,0.15298507462686567,0.6828358208955224,0.7835820895522388,0.746268656716418
MAA106,Retteri Junction,phase2,Red Line,Elevated,medium,nominatim,2.007391033949412,24689.5568305552,12299.326047093125,6684850.0,3330118.4905902417,844275.0,420583.227543337,25924.70451132953,4561.7241752147675,0.18476330727691667,438,218.19366161971112,116.11213113052943,57.84230833296407,1.0051637995197225,0.5340461851694913,1.073763566083922,0.0,17.0,4.0,1.0,0.0,0.0,0.0,22.0,8.937930747180797,6.640301826193722,2,0.0,0,0.04328591256072172,2.0,5.324518601030994e-05,0,0,chennai,0.376865671641791,0.06343283582089553,0.8097014925373134,0.3880597014925373,0.35447761194029853,0.40298507462686567,0.15298507462686567,0.12686567164179105,0.3880597014925373,0.35074626865671643
MAA107,Saligramam,phase2,Yellow Line,Elevated,low,nominatim,2.007391033949412,92234.93572998047,45947.66747987023,12864581.0,6408607.382633253,935343.0,465949.57543462433,97337.54307556152,33065.16134643555,0.3584884738602132,356,177.3446199466145,94.07272176828397,46.863177217247,1.0052682877471832,0.3573977892199883,0.7185908921745592,10.0,26.0,9.0,2.0,0.0,2.0,5.0,54.0,10.097437596771684,3.0897753141465096,3,0.0,0,0.226029377746935,3.0,7.676783338173282e-05,1,0,chennai,0.7723880597014925,0.8507462686567164,0.9328358208955224,0.5746268656716418,0.5,0.40298507462686567,0.6940298507462687,0.7873134328358209,0.5,0.35074626865671643
MAA108,Shastri Nagar Chennai,phase2,Red Line,Elevated,low,nominatim,2.007391033949412,67723.69804763794,33737.17272931919,9445846.0,4705533.620629912,802033.0,399539.9931731547,71470.29845714569,17515.400482177734,0.2586303020525713,329,163.89432573718025,91.6313707875128,45.64699614465947,1.0050727085283109,0.27614074434451374,0.5552139096253066,11.0,27.0,22.0,7.0,3.0,1.0,4.0,75.0,10.913370642105626,1.6101886407732904,6,0.0,0,0.045281054823039554,2.0,6.258527511741753e-05,0,0,chennai,0.914179104477612,0.8955223880597015,0.9514925373134329,0.8246268656716418,0.753731343283582,0.9850746268656716,0.43283582089552236,0.6828358208955224,0.7835820895522388,0.35074626865671643
MAA109,Siruseri,phase2,Purple Line,Elevated,low,nominatim,2.007391033949412,3959.416569069028,1972.4191759884134,1015836.0,506047.8914272166,221256.0,110220.67761491051,4025.564785901457,688.8693835753947,0.17398254807459365,55,27.398747463662353,27.983617224685755,13.94029202652649,1.0051392265855548,0.07436692375218211,0.14952357205115366,0.0,0.0,2.0,0.0,0.0,0.0,0.0,2.0,33.72580772292414,21.50853637185142,0,0.0,0,0.0018505667360629193,2.0,2.9277999401768588e-05,0,0,chennai,0.04477611940298507,0.06343283582089553,0.04477611940298507,0.25,0.13059701492537312,0.40298507462686567,0.15298507462686567,0.12686567164179105,0.09328358208955224,0.35074626865671643
MAA110,Srinivasa Nagar,phase2,Red Line,Underground,low,nominatim,2.007391033949412,23106.24592527747,11510.585398908268,7826478.0,3898830.8045801674,753306.0,375266.19739748427,24362.319573387504,4683.450693398714,0.20269197811467823,296,147.45507725898284,88.54429438001429,44.10914111029435,1.0047109787964934,0.0795695263782903,0.1599840252925799,5.0,0.0,3.0,3.0,0.0,0.0,0.0,11.0,16.454221205567823,4.359809988265061,0,0.0,0,0.03359935230164238,2.0,4.8643961040095955e-05,0,0,chennai,0.19029850746268656,0.5708955223880597,0.04477611940298507,0.3208955223880597,0.585820895522388,0.40298507462686567,0.15298507462686567,0.12686567164179105,0.09328358208955224,0.35074626865671643
MAA111,Sterling Road,phase2,Purple Line,Underground,low,nominatim,2.007391033949412,82591.36423254013,41143.635114304045,11519532.0,5738559.057592315,734062.0,365679.6247394712,87160.47135877609,20290.052510738373,0.24566796661223214,275,136.99373731831176,79.4145443180254,39.561073540207275,1.0049193596667283,0.35695360996472175,0.7176978167920168,3.0,20.0,31.0,11.0,0.0,0.0,2.0,67.0,5.707963828062858,2.778012683209717,6,0.0,0,0.22351376359009947,2.0,8.047873715751668e-05,0,0,chennai,0.8917910447761194,0.417910447761194,0.8731343283582089,0.8843283582089553,0.917910447761194,0.40298507462686567,0.15298507462686567,0.40298507462686567,0.7835820895522388,0.35074626865671643
MAA112,Taramani,phase2,Purple Line,Underground,medium,nominatim,2.007391033949412,72018.38661238551,35876.61068242095,10189258.0,5075871.0324382065,638552.0,318100.45437120955,76002.57692391425,23875.917823791504,0.3315253082840569,235,117.06737552655733,72.04082520909384,35.88778867232369,1.005047865320304,0.32750166618735266,0.6584811702608665,8.0,9.0,7.0,19.0,0.0,1.0,5.0,49.0,12.327327060180302,0.3906992347716937,11,0.0,2,0.15984270182743465,2.0,5.953601375194774e-05,0,0,chennai,0.6716417910447762,0.7276119402985075,0.582089552238806,0.5,0.9776119402985075,0.40298507462686567,0.43283582089552236,0.7873134328358209,0.9514925373134329,0.35074626865671643
MAA113,Thiruvanmiyur,phase2,Purple Line,Underground,medium,nominatim,2.007391033949412,57335.70541808009,28562.30024365298,8552966.0,4260737.3727143705,652729.0,325162.8551492521,60119.06198746711,10818.610427856445,0.1886888867760391,264,131.5139878255793,77.79103847918968,38.75230942231562,1.0051023504768997,0.2436917368495423,0.4899713089453179,10.0,11.0,8.0,15.0,0.0,1.0,5.0,50.0,12.80903719123748,0.9049306369044297,7,0.0,1,0.1475826972010178,2.0,5.790874252188855e-05,0,0,chennai,0.7014925373134329,0.8507462686567164,0.6305970149253731,0.5223880597014925,0.9552238805970149,0.40298507462686567,0.43283582089552236,0.7873134328358209,0.8432835820895522,0.35074626865671643
MAA114,Thoraipakkam,phase2,Purple Line,Elevated,medium,nominatim,2.007391033949412,28891.248888343573,14392.436949118932,8625036.0,4296639.695072664,728043.0,362681.2054488569,30220.71514223516,6637.147614002228,0.22972865034851586,350,174.35566567785133,95.1273645390865,47.388557052548734,1.0047823402010903,0.3722137927650294,0.7483802348258625,9.0,3.0,4.0,2.0,0.0,0.0,3.0,21.0,16.767207368019648,4.558380515900145,0,0.0,0,0.0962294702752718,2.0,4.8367129413340815e-05,0,0,chennai,0.3582089552238806,0.7985074626865671,0.2798507462686567,0.3880597014925373,0.5,0.40298507462686567,0.15298507462686567,0.5447761194029851,0.09328358208955224,0.35074626865671643
MAA115,Ullagaram,phase2,Red Line,Elevated,medium,nominatim,2.007391033949412,47558.57666015625,23691.73512077905,8034665.0,4002541.041638667,947402.0,471956.8753557935,50129.38338470459,13838.407135009766,0.29097605746059557,450,224.17157015723745,109.75722931224954,54.676556513410986,1.0046716078803937,0.5242540067456039,1.054075223172482,1.0,6.0,71.0,1.0,0.0,1.0,4.0,84.0,16.398658149287304,4.367239063192436,0,0.0,0,0.0672854499190377,2.0,5.8225846849349135e-05,0,0,chennai,0.9402985074626866,0.20522388059701493,0.4962686567164179,0.9776119402985075,0.35447761194029853,0.40298507462686567,0.43283582089552236,0.6828358208955224,0.09328358208955224,0.35074626865671643
MAA116,Valasaravakkam,phase2,Yellow Line,Elevated,low,nominatim,2.007391033949412,46926.21842071414,23376.72014425104,8390492.0,4179799.4800705323,888807.0,442767.2461260972,49472.60594356805,13717.936790466309,0.2923299011115489,425,211.7175940373909,103.90059625827315,51.75902178553396,1.0048430696547177,0.5440160000016836,1.0938090681859802,1.0,5.0,3.0,1.0,0.0,1.0,0.0,11.0,13.744037867028663,6.423352488706116,1,0.0,0,0.13965995836224843,2.0,6.704984859357876e-05,0,0,chennai,0.19029850746268656,0.20522388059701493,0.44029850746268656,0.3208955223880597,0.35447761194029853,0.40298507462686567,0.43283582089552236,0.12686567164179105,0.2537313432835821,0.35074626865671643
MAA117,Vanuvampet,phase2,Red Line,Elevated,low,nominatim,2.007391033949412,51672.550033569336,25741.14816678589,7399399.0,3686077.5378886503,888486.0,442607.33707271836,54526.30316925049,14301.777534484863,0.27677708038781984,452,225.16788824682516,113.47138140118996,56.526794970256674,1.0048624041009975,0.48193152933749506,0.9689808333439798,3.0,6.0,36.0,1.0,1.0,1.0,3.0,51.0,15.888783844854302,3.869652715600333,2,0.0,0,0.08044182280823502,2.0,5.982594004746543e-05,0,0,chennai,0.7238805970149254,0.417910447761194,0.4962686567164179,0.917910447761194,0.35447761194029853,0.8731343283582089,0.43283582089552236,0.5447761194029851,0.3880597014925373,0.35074626865671643
MAA118,Villivakkam,phase2,Red Line,Underground,medium,nominatim,2.007391033949412,56231.10893821716,28012.0355163618,7842903.0,3907013.0668909065,936985.0,466767.55258617585,59341.91770553589,13009.650619506836,0.2313603780035876,412,205.24152645507073,103.5057228283536,51.56231201487076,1.0051998196298264,0.13395289077427855,0.2693282672534973,2.0,2.0,4.0,0.0,0.0,1.0,0.0,9.0,8.570815045984231,6.021879814618451,0,853.5243933503527,1,0.07098658339116354,2.0,6.228454569915049e-05,0,0,chennai,0.13059701492537312,0.332089552238806,0.19402985074626866,0.3880597014925373,0.13059701492537312,0.40298507462686567,0.43283582089552236,0.12686567164179105,0.09328358208955224,0.7649253731343284
MAA119,Villivakkam Bus Terminus,phase2,Red Line,Underground,medium,nominatim,2.007391033949412,58006.13524532318,28896.28092599371,8090477.0,4030344.294246702,877983.0,437375.17262524844,61215.14214038849,14641.70639038086,0.25241651298534606,424,211.21943499259706,100.08323684893945,49.857369668545424,1.0043726976010277,0.4227255157699257,0.8499400798897631,4.0,4.0,5.0,1.0,0.0,1.0,1.0,16.0,8.703718822361964,5.85084939811761,6,853.5243933503527,1,0.08448993754337265,2.0,6.450755694420259e-05,0,0,chennai,0.291044776119403,0.4925373134328358,0.3656716417910448,0.44029850746268656,0.35447761194029853,0.40298507462686567,0.43283582089552236,0.29850746268656714,0.7835820895522388,0.7649253731343284
MAA120,Villivakkam CTH Road,phase2,Red Line,Underground,medium,nominatim,2.007391033949412,54840.735612004995,27319.408468269085,7648979.0,3810408.0722883022,812662.0,404834.92566026864,57874.6268068552,18174.960891723633,0.331413513857845,439,218.69182066450497,98.10098716801868,48.869894060955,1.0048059562674059,0.4312696485621623,0.8671190781690503,7.0,2.0,4.0,1.0,0.0,2.0,2.0,18.0,9.31662330650234,5.25870899205805,2,0.0,2,0.09776197085357391,2.0,6.71756958738051e-05,0,0,chennai,0.3246268656716418,0.667910447761194,0.19402985074626866,0.3880597014925373,0.35447761194029853,0.40298507462686567,0.6940298507462687,0.40298507462686567,0.3880597014925373,0.35074626865671643
MAA121,Virugambakkam,phase2,Red Line,Elevated,medium,nominatim,2.007391033949412,64078.53933620453,31921.303947509496,8937433.0,4452263.086189131,918653.0,457635.30097701476,67623.48245048523,15869.105590820312,0.24765086338124798,420,209.22679881342162,100.45016946378136,50.04016046945879,1.0051272142900327,0.4462026092052661,0.8971435770187913,6.0,27.0,4.0,0.0,0.0,1.0,5.0,43.0,11.301863349096342,4.685452206607409,2,0.0,0,0.10406546379828822,2.0,7.223318671467857e-05,0,0,chennai,0.6119402985074627,0.6343283582089553,0.9514925373134329,0.3880597014925373,0.13059701492537312,0.40298507462686567,0.43283582089552236,0.7873134328358209,0.3880597014925373,0.35074626865671643
MAA122,Adyar Junction,phase2,Purple Line,Underground,medium,nominatim_stem,2.007391033949412,54484.3308918681,27141.862233325664,7599269.0,3785644.586171599,663094.0,330326.2736485405,57748.935183517635,15959.6801071167,0.2929223842133797,250,124.53976119846524,83.3796902428327,41.536346846577544,1.0052342404159575,0.4403536051888545,0.8853834566675748,14.0,12.0,43.0,2.0,3.0,0.0,3.0,77.0,10.169873148372028,2.117378926293801,9,0.0,0,0.2218945176960444,2.0,6.636625391212626e-05,0,0,chennai,0.9253731343283582,0.9402985074626866,0.6567164179104478,0.9402985074626866,0.5,0.9850746268656716,0.15298507462686567,0.5447761194029851,0.914179104477612,0.35074626865671643
MAA123,Alapakkam Junction,phase2,Yellow Line,Elevated,low,nominatim_stem,2.007391033949412,41457.51093542576,20652.43404712274,8250631.0,4110126.4579066182,886344.0,441540.28039876994,43684.5980707407,11844.170669555664,0.28569420600296414,431,214.70654830615408,104.22235433185348,51.91930848012345,1.004794918493034,0.480833157791748,0.9667724263173999,1.0,4.0,4.0,2.0,0.0,1.0,0.0,12.0,13.962178940522744,6.524673667550983,0,0.0,0,0.126734906315059,2.0,6.622019564214815e-05,0,0,chennai,0.23134328358208955,0.20522388059701493,0.3656716417910448,0.3880597014925373,0.5,0.40298507462686567,0.43283582089552236,0.12686567164179105,0.09328358208955224,0.35074626865671643
MAA124,Kolathur Junction,phase2,Red Line,Underground,medium,nominatim_stem,2.007391033949412,32420.73495864868,16150.682358515363,7369170.0,3671018.688123577,867346.0,432076.25486577617,34137.693744659424,7423.999710083008,0.22898924776233529,576,286.93960980126394,131.84518279345974,65.6798703210619,1.005170782430449,0.49300582413366206,0.9912470241761884,0.0,5.0,33.0,1.0,0.0,1.0,3.0,43.0,9.639551303324918,5.467572558805381,6,124.04188380767434,0,0.05725190839694656,2.0,5.677397774811074e-05,0,0,chennai,0.6119402985074627,0.06343283582089553,0.44029850746268656,0.8992537313432836,0.35447761194029853,0.40298507462686567,0.43283582089552236,0.5447761194029851,0.7835820895522388,0.7089552238805971
MAA125,Nookampalayam Depot,phase2,Purple Line,Elevated,low,nominatim_stem,2.007391033949412,8001.883227586746,3986.210505206631,2424488.0,1207780.6261941784,378253.0,188430.1531704123,8362.526825107634,3042.5613259524107,0.3802306581359603,280,139.48453254228107,60.483123723459805,30.130215140227648,1.005219809321482,0.1721491883692948,0.3461264803215501,0.0,0.0,1.0,0.0,0.0,0.0,0.0,1.0,24.94499605162419,12.695493604274013,0,0.0,0,0.006823964839232015,2.0,3.276126123140174e-05,0,0,chennai,0.022388059701492536,0.06343283582089553,0.04477611940298507,0.16791044776119404,0.13059701492537312,0.40298507462686567,0.15298507462686567,0.12686567164179105,0.09328358208955224,0.35074626865671643
MAA126,Perambur Market,phase2,Purple Line,Underground,low,nominatim_stem,2.007391033949412,55705.32040596008,27750.109203369047,7769568.0,3870480.573340949,889460.0,443092.5439823476,58787.04163360596,13968.27991104126,0.2507530664799255,393,195.77650460398738,100.07637177379178,49.85394976926742,1.0051396419724055,0.47713525132175344,0.9593373442055297,11.0,14.0,3.0,1.0,0.0,4.0,4.0,37.0,5.169277904192475,7.845966759518859,3,0.0,2,0.10944367337497109,2.0,5.61688406136459e-05,0,0,chennai,0.5447761194029851,0.8955223880597015,0.7126865671641791,0.3208955223880597,0.35447761194029853,0.40298507462686567,0.9402985074626866,0.6828358208955224,0.5,0.35074626865671643
MAA127,SIPCOT I,phase2,Purple Line,Elevated,low,nominatim_stem,2.007391033949412,72227.39025449753,35980.727737133915,10074004.0,5018456.209889535,665794.0,331671.3030694839,76223.14325094223,24389.052047729492,0.3376704040086899,264,131.5139878255793,74.33559715856708,37.030950074693024,1.0050188239131528,0.3450751027901162,0.69381466103179,6.0,14.0,20.0,9.0,0.0,1.0,5.0,55.0,5.578051182451602,3.1225919951990053,6,2069.286757232082,1,0.3336803145963451,2.0,8.021763531934343e-05,0,0,chennai,0.8059701492537313,0.6343283582089553,0.7126865671641791,0.8022388059701493,0.8432835820895522,0.40298507462686567,0.43283582089552236,0.7873134328358209,0.7835820895522388,0.8432835820895522
MAA128,SIPCOT II,phase2,Purple Line,Elevated,low,nominatim_stem,2.007391033949412,72227.39025449753,35980.727737133915,10074004.0,5018456.209889535,665794.0,331671.3030694839,76223.14325094223,24389.052047729492,0.3376704040086899,264,131.5139878255793,74.33559715856708,37.030950074693024,1.0050188239131528,0.3450751027901162,0.69381466103179,6.0,14.0,20.0,9.0,0.0,1.0,5.0,55.0,5.578051182451602,3.1225919951990053,6,2069.286757232082,1,0.33605135322692575,2.0,8.021763531934343e-05,0,0,chennai,0.8059701492537313,0.6343283582089553,0.7126865671641791,0.8022388059701493,0.8432835820895522,0.40298507462686567,0.43283582089552236,0.7873134328358209,0.7835820895522388,0.8432835820895522
MAA129,Saligramam Warehouse,phase2,Yellow Line,Elevated,low,nominatim_stem,2.007391033949412,92234.93572998047,45947.66747987023,12864581.0,6408607.382633253,935343.0,465949.57543462433,97337.54307556152,33065.16134643555,0.3584884738602132,356,177.3446199466145,94.07272176828397,46.863177217247,1.0052682877471832,0.3573977892199883,0.7185908921745592,10.0,26.0,9.0,2.0,0.0,2.0,5.0,54.0,10.097437596771684,3.0897753141465096,3,0.0,0,0.1669558177191765,2.0,7.676783338173282e-05,0,0,chennai,0.7723880597014925,0.8507462686567164,0.9328358208955224,0.5746268656716418,0.5,0.40298507462686567,0.6940298507462687,0.7873134328358209,0.5,0.35074626865671643
MAA130,Semmancheri I,phase2,Purple Line,Elevated,low,nominatim_stem,2.007391033949412,9534.930085496046,4749.911663566957,3078658.0,1533661.3285269784,394238.0,196393.22550144218,9650.103033760563,2487.994429614395,0.26093473232687675,217,108.10051272026783,64.74912344612959,32.255361487163704,1.0051119276148182,0.3249001376065475,0.6532504866912272,0.0,0.0,1.0,0.0,0.0,0.0,0.0,1.0,24.490762830206513,12.312635705157323,1,0.0,0,0.05155563266250289,2.0,3.5849235561274597e-05,0,0,chennai,0.022388059701492536,0.06343283582089553,0.04477611940298507,0.16791044776119404,0.13059701492537312,0.40298507462686567,0.15298507462686567,0.12686567164179105,0.2537313432835821,0.35074626865671643
MAA131,Semmancheri II,phase2,Purple Line,Elevated,low,nominatim_stem,2.007391033949412,9534.930085496046,4749.911663566957,3078658.0,1533661.3285269784,394238.0,196393.22550144218,9650.103033760563,2487.994429614395,0.26093473232687675,217,108.10051272026783,64.74912344612959,32.255361487163704,1.0051119276148182,0.3249001376065475,0.6532504866912272,0.0,0.0,1.0,0.0,0.0,0.0,0.0,1.0,24.490762830206513,12.312635705157323,1,0.0,0,0.02943557714550081,2.0,3.5849235561274597e-05,0,0,chennai,0.022388059701492536,0.06343283582089553,0.04477611940298507,0.16791044776119404,0.13059701492537312,0.40298507462686567,0.15298507462686567,0.12686567164179105,0.2537313432835821,0.35074626865671643
MAA132,Sholinganallur Lake I,phase2,Purple Line,Elevated,low,nominatim_stem,2.007391033949412,21877.228378400207,10898.339191720996,7340224.0,3656598.9764129734,524796.0,261431.87407163906,22994.243521995842,8235.014846920967,0.3764194762007216,191,95.14837755562745,54.776920638981046,27.28761846226393,1.0052711025674872,0.32086235791430695,0.6451320489197347,1.0,3.0,0.0,4.0,0.0,0.0,2.0,10.0,20.682369206321138,8.454150469852788,3,0.0,0,0.10785334258616701,2.0,4.130105251501641e-05,0,0,chennai,0.15298507462686567,0.20522388059701493,0.2798507462686567,0.06343283582089553,0.6455223880597015,0.40298507462686567,0.15298507462686567,0.40298507462686567,0.5,0.35074626865671643
MAA133,Sholinganallur Lake II,phase2,Purple Line,Elevated,low,nominatim_stem,2.007391033949412,21877.228378400207,10898.339191720996,7340224.0,3656598.9764129734,524796.0,261431.87407163906,22994.243521995842,8235.014846920967,0.3764194762007216,191,95.14837755562745,54.776920638981046,27.28761846226393,1.0052711025674872,0.32086235791430695,0.6451320489197347,1.0,3.0,0.0,4.0,0.0,0.0,2.0,10.0,20.682369206321138,8.454150469852788,3,0.0,0,0.0898970622253065,2.0,4.130105251501641e-05,0,0,chennai,0.15298507462686567,0.20522388059701493,0.2798507462686567,0.06343283582089553,0.6455223880597015,0.40298507462686567,0.15298507462686567,0.40298507462686567,0.5,0.35074626865671643
